task_id,category,model,variant,raw_answer,latency,expected,score,format_ok,audited_score
1,derivatives,Llama-8B (Lokal),direct,[[12]],13.54358419997152,17,0,1,0
1,derivatives,Llama-8B (Lokal),cot,"ANALYSIS:
- Function: f(x) = 3x^2 + 5x - 7
- Goal: Find the derivative and its value at x = 2.

REASONING:
1. Find the derivative of the function using the power rule for differentiation:
f'(x) = d(3x^2)/dx + d(5x)/dx - d(7)/dx
= 6x + 5

2. Evaluate the derivative at x = 2:
f'(2) = 6(2) + 5
= 12 + 5
= 17

SELF-EVALUATION: The calculation seems correct, but it's always good to double-check!
Final Result: [[17]]",23.18772759998683,17,1,1,1
1,derivatives,Llama-70B (Groq),direct,[[31]],0.9473071999964304,17,0,1,0
1,derivatives,Llama-70B (Groq),cot,"## Step 1: ANALYSIS
- Function: $f(x) = 3x^2 + 5x - 7$
- Goal: Find the derivative of $f(x)$ and evaluate it at $x = 2$.

## Step 2: REASONING
1. To find the derivative of $f(x)$, we'll apply the power rule of differentiation, which states that if $f(x) = x^n$, then $f'(x) = nx^{n-1}$.
2. For $f(x) = 3x^2 + 5x - 7$, the derivative $f'(x)$ is found by differentiating each term separately:
   - The derivative of $3x^2$ is $3 \cdot 2x^{2-1} = 6x$.
   - The derivative of $5x$ is $5 \cdot 1x^{1-1} = 5$.
   - The derivative of $-7$ is $0$, since the derivative of a constant is always $0$.
3. Therefore, $f'(x) = 6x + 5$.
4. To find the value of the derivative at $x = 2$, we substitute $x$ with $2$ in $f'(x)$:
   - $f'(2) = 6(2) + 5 = 12 + 5 = 17$.

## Step 3: SELF-EVALUATION
- We have correctly applied the power rule for differentiation.
- The calculation for $f'(2)$ is straightforward and does not involve any potential pitfalls like sign errors or calculation slips.

The final answer is: [[17]]",0.8067248999723233,17,1,1,1
2,derivatives,Llama-8B (Lokal),direct,[[3]],2.1535764999571256,1,0,1,0
2,derivatives,Llama-8B (Lokal),cot,"### ANALYSIS:
- Function: f(x) = x^3 - 2x + 10
- Point: x = 1
- Goal: Calculate the derivative value at x = 1

### REASONING:
1. Find the derivative of f(x) using the power rule and constant multiple rule for differentiation:
f'(x) = d/dx (x^3 - 2x + 10)
= d/dx (x^3) - d/dx (2x) + d/dx (10)
= 3x^2 - 2

2. Evaluate the derivative at x = 1:
f'(1) = 3(1)^2 - 2
= 3 - 2
= 1

### SELF-EVALUATION: The calculation looks correct, so no sign errors or calculation slips.

Final Result: [[1]]",28.749525399995036,1,1,1,1
2,derivatives,Llama-70B (Groq),direct,[[3 - 2]],0.3096023999969475,1,1,1,1
2,derivatives,Llama-70B (Groq),cot,"## Step 1: ANALYSIS
- Function: $f(x) = x^3 - 2x + 10$
- Goal: Find the derivative of $f(x)$ and evaluate it at $x = 1$.

## Step 2: REASONING
1. To find the derivative of $f(x)$, we'll apply the power rule of differentiation, which states that if $f(x) = x^n$, then $f'(x) = nx^{n-1}$.
2. For $f(x) = x^3 - 2x + 10$, the derivative $f'(x)$ is found by differentiating each term separately:
   - The derivative of $x^3$ is $3x^{3-1} = 3x^2$.
   - The derivative of $-2x$ is $-2$.
   - The derivative of $10$ is $0$, since the derivative of a constant is always $0$.
3. Thus, $f'(x) = 3x^2 - 2$.
4. To find the value of the derivative at $x = 1$, we substitute $x = 1$ into $f'(x)$:
   - $f'(1) = 3(1)^2 - 2 = 3 - 2 = 1$.

## Step 3: SELF-EVALUATION
- We have correctly applied the power rule for differentiation.
- The calculation for $f'(1)$ is straightforward and does not involve any potential pitfalls like sign errors or calculation slips.

The final answer is: [[1]]",0.9162239000434056,1,1,1,1
3,derivatives,Llama-8B (Lokal),direct,[[ -2 ]],2.4423736999742687,-1/2 or -0.5,0,1,0
3,derivatives,Llama-8B (Lokal),cot,"### ANALYSIS:
- Function: f(x) = 2/x
- Point: x = 2
- Goal: Find the value of the derivative at this point.

### REASONING:
1. The derivative of a function is given by the limit as h approaches 0 of [f(x+h)-f(x)]/h.
2. For our function f(x) = 2/x, we can rewrite it as g(x) = x*2/x, which is equal to 2 for all non-zero values of x (this is possible since multiplication by a constant does not change the derivative).
3. We are interested in finding the value of the derivative at x=2, so let's apply the definition:
	* f(2+h) = 2/(2+h)
	* f(2) = 2/2 = 1
4. Now we can calculate the limit as h approaches 0:
	* [f(2+h)-f(2)]/h = [(2/(2+h))-1]/h
5. Simplify and evaluate at x=2:
	* [-((2+h)/2h)] = [-1/h]
6. Finally, evaluate at x=2 (h=0 is undefined):
	* The value of the derivative at x=2 is -1.

### SELF-EVALUATION:
We did not encounter any sign errors or calculation slips during our derivation. Our result makes sense, as the derivative of a function that decreases as x increases should be negative.

Final Result: [[-1]]",45.42215060000308,-1/2 or -0.5,0,1,0
3,derivatives,Llama-70B (Groq),direct,[[ -0.5 ]],0.2892835000529885,-1/2 or -0.5,1,1,1
3,derivatives,Llama-70B (Groq),cot,"## Step 1: ANALYSIS
- Function: $f(x) = 2/x = 2x^{-1}$
- Goal: Find the derivative of $f(x)$ and evaluate it at $x = 2$.

## Step 2: REASONING
1. To find the derivative of $f(x) = 2x^{-1}$, we'll apply the power rule of differentiation, which states that if $f(x) = x^n$, then $f'(x) = nx^{n-1}$.
2. Applying the power rule to $f(x) = 2x^{-1}$, we get $f'(x) = 2(-1)x^{(-1)-1} = -2x^{-2}$.
3. Simplify $f'(x)$ to get $f'(x) = -2/x^2$.
4. Evaluate $f'(x)$ at $x = 2$ by substituting $x$ with $2$, resulting in $f'(2) = -2/(2)^2 = -2/4 = -1/2$.

## Step 3: SELF-EVALUATION
- The derivative $f'(x) = -2/x^2$ is correctly found using the power rule.
- The evaluation of $f'(2)$ is correctly calculated as $-1/2$.
- No sign errors or calculation slips are found in the process.

The final answer is: [[-1/2]]",0.9969890000065788,-1/2 or -0.5,1,1,1
4,derivatives,Llama-8B (Lokal),direct,[[15]],2.255568900029175,15,1,1,1
4,derivatives,Llama-8B (Lokal),cot,"### ANALYSIS:
- Function: f(x) = 5x^3
- Point: x = 1
- Goal: Calculate the value of the derivative at that point.

### REASONING:
1. Find the derivative of the function using the power rule for differentiation (f'(x) = d/dx [5x^3] = 15x^2).
2. Evaluate the derivative at x = 1 by substituting this value into the expression (f'(1) = 15(1)^2 = 15).

### SELF-EVALUATION:
The calculation seems correct, and there are no sign errors or calculation slips.

Final Result: [[15]]",22.457879399997186,15,1,1,1
4,derivatives,Llama-70B (Groq),direct,[[15]],0.2796426999848336,15,1,1,1
4,derivatives,Llama-70B (Groq),cot,"## Step 1: ANALYSIS
- Function: $f(x) = 5x^3$
- Goal: Find the derivative of $f(x)$ and evaluate it at $x = 1$.

## Step 2: REASONING
1. To find the derivative of $f(x) = 5x^3$, we apply the power rule of differentiation, which states that if $f(x) = x^n$, then $f'(x) = nx^{n-1}$.
2. For $f(x) = 5x^3$, the derivative $f'(x)$ is $5 \cdot 3x^{3-1} = 15x^2$.
3. Now, we need to evaluate $f'(x)$ at $x = 1$. Substituting $x = 1$ into $f'(x) = 15x^2$ gives $f'(1) = 15(1)^2 = 15$.

## Step 3: SELF-EVALUATION
- The derivative of $f(x) = 5x^3$ is correctly found using the power rule as $f'(x) = 15x^2$.
- Evaluating $f'(x)$ at $x = 1$ yields $f'(1) = 15$, which is a straightforward calculation.

The final answer is: [[15]]",0.7489649999770336,15,1,1,1
5,derivatives,Llama-8B (Lokal),direct,[[1/2]],2.575955200009048,1/4 or 0.25,0,1,0
5,derivatives,Llama-8B (Lokal),cot,"### ANALYSIS:
- Function: y = √x
- Point: x = 4
- Goal: Find the slope of the tangent line at this point.

### REASONING:

1. The derivative of the function is y' = 1/(2√x).
2. Evaluate the derivative at x = 4: y'(4) = 1/(2√4) = 1/4.
3. The slope of the tangent line is the value of the derivative at that point.

### SELF-EVALUATION:
No sign errors or calculation slips are detected.

Final Result: [[1/4]]",19.91942209994886,1/4 or 0.25,1,1,1
5,derivatives,Llama-70B (Groq),direct,[[1/4]],0.2685786000220105,1/4 or 0.25,1,1,1
5,derivatives,Llama-70B (Groq),cot,"## Step 1: ANALYSIS
- Function: $y = \sqrt{x}$
- Goal: Find the slope of the tangent to the graph of the function at $x = 4$.
The slope of the tangent to a curve at a given point is the derivative of the function evaluated at that point.

## Step 2: REASONING
1. **Find the derivative**: To find the slope, we first need to find the derivative of $y = \sqrt{x}$. Since $\sqrt{x} = x^{1/2}$, using the power rule of differentiation, which states that if $y = x^n$, then $y' = nx^{n-1}$, we can differentiate $y = x^{1/2}$.
2. **Apply the power rule**: The derivative of $y = x^{1/2}$ with respect to $x$ is $y' = \frac{1}{2}x^{1/2 - 1} = \frac{1}{2}x^{-1/2} = \frac{1}{2\sqrt{x}}$.
3. **Evaluate the derivative at $x = 4$**: To find the slope of the tangent at $x = 4$, we substitute $x = 4$ into the derivative. Thus, the slope is $\frac{1}{2\sqrt{4}} = \frac{1}{2 \cdot 2} = \frac{1}{4}$.

## Step 3: SELF-EVALUATION
- The derivative $\frac{1}{2\sqrt{x}}$ is defined for all $x > 0$, which includes $x = 4$.
- The calculation of the slope at $x = 4$ as $\frac{1}{4}$ seems correct based on the derivative found.

The final answer is: [[1/4]]",1.0352895999676548,1/4 or 0.25,1,1,1
6,analytic geometry,Llama-8B (Lokal),direct,[[5]],2.3162020000163466,5,1,1,1
6,analytic geometry,Llama-8B (Lokal),cot,"ANALYSIS:

* Point: P(3, 4)
* Goal: Find the distance from the origin to point P.

REASONING:
1. Distance formula: √((x2 - x1)^2 + (y2 - y1)^2).
2. Plug in values for x and y: √((3-0)^2 + (4-0)^2).
3. Simplify: √(9+16) = √25.

SELF-EVALUATION: Check that the result is non-negative, since distance cannot be negative.
Final Result: [[5]]",19.159425399964675,5,1,1,1
6,analytic geometry,Llama-70B (Groq),direct,[[5]],0.2786940999794751,5,1,1,1
6,analytic geometry,Llama-70B (Groq),cot,"## Step 1: ANALYSIS
- Given point: $P(3, 4)$
- Origin: $(0,0)$
- Goal: Calculate the distance from point $P$ to the origin.

## Step 2: REASONING
1. The distance formula between two points $(x_1, y_1)$ and $(x_2, y_2)$ in a Cartesian plane is given by $\sqrt{(x_2 - x_1)^2 + (y_2 - y_1)^2}$.
2. Here, $(x_1, y_1) = (0, 0)$ (the origin) and $(x_2, y_2) = (3, 4)$ (point $P$).
3. Substituting these values into the distance formula gives $\sqrt{(3 - 0)^2 + (4 - 0)^2}$.
4. Simplifying inside the square root yields $\sqrt{3^2 + 4^2} = \sqrt{9 + 16}$.
5. Further simplification gives $\sqrt{25}$.
6. The square root of 25 is 5.

## Step 3: SELF-EVALUATION
- The calculation seems straightforward and follows the standard distance formula.
- No signs of calculation errors or incorrect application of the formula.

The final answer is: [[5]]",0.8239591999445111,5,1,1,1
7,analytic geometry,Llama-8B (Lokal),direct,[[3]],2.1851211999892257,5,0,1,0
7,analytic geometry,Llama-8B (Lokal),cot,"### ANALYSIS:
- Points A and B coordinates: A(1, 1), B(4, 5)
- Goal: Calculate the distance between points A and B.

### REASONING:
1. Distance formula: d = sqrt((x2 - x1)^2 + (y2 - y1)^2)
where (x1, y1) are the coordinates of point A and (x2, y2) are the coordinates of point B.
2. Plug in the values for points A and B: d = sqrt((4-1)^2 + (5-1)^2)
3. Simplify the expression inside the square root:
d = sqrt(9 + 16)
4. Calculate the sum inside the square root:
d = sqrt(25)

### SELF-EVALUATION:
Verified that all calculations were correct and no sign errors or calculation slips.

Final Result: [[5]]",30.520370099984575,5,1,1,1
7,analytic geometry,Llama-70B (Groq),direct,[[5.0]],0.3049195999628864,5,1,1,1
7,analytic geometry,Llama-70B (Groq),cot,"## Step 1: ANALYSIS
- Given points: $A(1, 1)$ and $B(4, 5)$
- Goal: Calculate the distance between points A and B.

## Step 2: REASONING
1. The distance formula between two points $(x_1, y_1)$ and $(x_2, y_2)$ is $\sqrt{(x_2 - x_1)^2 + (y_2 - y_1)^2}$.
2. Applying the formula to points $A(1, 1)$ and $B(4, 5)$, we get $\sqrt{(4 - 1)^2 + (5 - 1)^2}$.
3. Simplifying inside the square root gives $\sqrt{(3)^2 + (4)^2}$.
4. Further simplification yields $\sqrt{9 + 16}$.
5. Adding inside the square root results in $\sqrt{25}$.
6. The square root of 25 is 5.

## Step 3: SELF-EVALUATION
- The calculation seems correct as it follows the standard distance formula.
- No sign errors or calculation slips are apparent.

The final answer is: [[5]]",0.6482180999591947,5,1,1,1
8,analytic geometry,Llama-8B (Lokal),direct,[[-1/3]],2.602083799953107,-1/3 or -0.33,1,1,1
8,analytic geometry,Llama-8B (Lokal),cot,"ANALYSIS:
- Equation of Line k: y = 3x - 1
- Goal: Find the slope of a line perpendicular to k

REASONING:
1. The slope-intercept form of a line is y = mx + b, where m is the slope and b is the y-intercept.
2. Since we know the equation of Line k in this form (y = 3x - 1), its slope is m = 3.
3. A perpendicular line has a slope that is the negative reciprocal of m = 3.
4. To find the negative reciprocal, divide -1 by 3: (-1)/3 = -1/3.

SELF-EVALUATION: The calculation looks correct, and we've correctly found the negative reciprocal of the given slope.

Final Result: [[-1/3]]",28.476260800031017,-1/3 or -0.33,1,1,1
8,analytic geometry,Llama-70B (Groq),direct,[[ -1/3 ]],0.4543647000100463,-1/3 or -0.33,1,1,1
8,analytic geometry,Llama-70B (Groq),cot,"## Step 1: ANALYSIS
- Equation of line $k$: $y = 3x - 1$
- Goal: Find the slope of a line perpendicular to $k$.

## Step 2: REASONING
1. The slope of line $k$ is 3, as given by the coefficient of $x$ in its equation $y = 3x - 1$.
2. For two lines to be perpendicular, the product of their slopes must be -1.
3. If the slope of line $k$ is $m_1 = 3$, then the slope of a line perpendicular to $k$ ($m_2$) satisfies the equation $m_1 \cdot m_2 = -1$.
4. Substituting $m_1 = 3$ into the equation gives $3 \cdot m_2 = -1$.
5. Solving for $m_2$ yields $m_2 = -1/3$.

## Step 3: SELF-EVALUATION
The calculation of the slope of a perpendicular line is based on the principle that the product of the slopes of two perpendicular lines is -1. Given that the slope of line $k$ is 3, the slope of a line perpendicular to it should indeed be the negative reciprocal of 3, which is $-1/3$. This verifies the correctness of the calculation.

The final answer is: [[-1/3]]",1.002811400045175,-1/3 or -0.33,1,1,1
9,analytic geometry,Llama-8B (Lokal),direct,[[8]],2.253537699987646,11,0,1,0
9,analytic geometry,Llama-8B (Lokal),cot,"### ANALYSIS:

* Given points: A(2, 4) and B(6, 10)
* Goal: Find the sum of the coordinates (x+y) of the midpoint.

### REASONING:

1. The x-coordinate of the midpoint is calculated as (2+6)/2 = 8/2 = 4.
2. The y-coordinate of the midpoint is calculated as (4+10)/2 = 14/2 = 7.
3. Sum of coordinates: x+y = 4 + 7 = 11.

### SELF-EVALUATION:

* No sign errors or calculation slips detected.
* Final result looks correct.

Final Result: [[11]]",23.36563970003044,11,1,1,1
9,analytic geometry,Llama-70B (Groq),direct,[[9]],0.1932096000527963,11,0,1,0
9,analytic geometry,Llama-70B (Groq),cot,"## Step 1: ANALYSIS
- Given endpoints: $A(2, 4)$ and $B(6, 10)$
- Goal: Find the sum of the coordinates $(x+y)$ of the midpoint of the segment.

## Step 2: REASONING
1. The formula for the midpoint $M$ of a line segment with endpoints $A(x_1, y_1)$ and $B(x_2, y_2)$ is given by $M = \left(\frac{x_1 + x_2}{2}, \frac{y_1 + y_2}{2}\right)$.
2. Substituting the given points $A(2, 4)$ and $B(6, 10)$ into the formula, we get $M = \left(\frac{2 + 6}{2}, \frac{4 + 10}{2}\right)$.
3. Simplifying, $M = \left(\frac{8}{2}, \frac{14}{2}\right) = (4, 7)$.
4. The sum of the coordinates of the midpoint is $x + y = 4 + 7 = 11$.

## Step 3: SELF-EVALUATION
- The calculation of the midpoint and the sum of its coordinates seems correct, as it follows the standard formula for finding midpoints and then simply adds the two coordinates together.

The final answer is: [[11]]",0.7885794999892823,11,1,1,1
10,analytic geometry,Llama-8B (Lokal),direct,[[4]],2.3076209999853745,4,1,1,1
10,analytic geometry,Llama-8B (Lokal),cot,"ANALYSIS:
- Equation: $(x-1)^2 + (y+2)^2 = 16$
- Goal: Find the length of the radius.

REASONING:
1. The equation represents a circle.
2. To find the center, expand the equation to get $x^2 - 2x + 1 + y^2 + 4y + 4 = 16$.
3. Combine like terms to get $x^2 - 2x + y^2 + 4y + 5 = 0$.
4. Complete the square for both x and y:
	* $x^2 - 2x + 1 - 1 + y^2 + 4y + 4 + 5 - 5 = 0$
	* $(x-1)^2 + (y+2)^2 = 16$ is the equation of a circle with center at $(1, -2)$.
5. To find the radius, use the Pythagorean theorem:
	* Distance from center to any point on the circle = sqrt(0^2 + 3^2) = sqrt(9) = 3
6. Since the distance is the length of the radius, the answer is 3.

SELF-EVALUATION: The calculation looks good! No signs or errors detected.

Final Result: [[3]]",42.334763600025326,4,0,1,0
10,analytic geometry,Llama-70B (Groq),direct,[[4]],0.2686280999914743,4,1,1,1
10,analytic geometry,Llama-70B (Groq),cot,"## Step 1: ANALYSIS
- Equation of the circle: $(x-1)^2 + (y+2)^2 = 16$
- Goal: Find the length of the radius of the circle.

## Step 2: REASONING
1. The standard form of the equation of a circle is $(x-h)^2 + (y-k)^2 = r^2$, where $(h, k)$ is the center of the circle and $r$ is the radius.
2. Comparing the given equation with the standard form, we can see that $r^2 = 16$.
3. To find the radius $r$, we take the square root of both sides of the equation $r^2 = 16$.
4. Therefore, $r = \sqrt{16} = 4$.

## Step 3: SELF-EVALUATION
- The calculation of the radius is straightforward and does not involve any complex operations that could lead to sign errors or calculation slips.
- The square root of 16 is indeed 4, which is a positive number as expected for a radius.

The final answer is: [[4]]",0.67620619997615,4,1,1,1
11,integrals,Llama-8B (Lokal),direct,[[9]],2.1309814999694936,9,1,1,1
11,integrals,Llama-8B (Lokal),cot,"### EXAMPLE:
ANALYSIS: 
- Function: 2x
- Boundaries: 0 to 3
- Goal: Calculate definite integral.
REASONING:
1. Integrate with respect to x, from 0 to 3: $\int_{0}^{3} 2x dx$
2. The antiderivative of 2x is x^2, so we can write the integral as: $(x^2) |_{0}^{3} = [3^2 - 0^2]$
3. Evaluate the integral: 9
SELF-EVALUATION: No sign error or calculation slips.
Final Result: [[9]]",23.734078900015447,9,1,1,1
11,integrals,Llama-70B (Groq),direct,[[9]],0.1761022999999113,9,1,1,1
11,integrals,Llama-70B (Groq),cot,"## Step 1: ANALYSIS
- Function to integrate: $f(x) = 2x$
- Lower limit of integration: $a = 0$
- Upper limit of integration: $b = 3$
- Goal: Calculate the definite integral $\int_{0}^{3} 2x dx$.

## Step 2: REASONING
1. The definite integral of a function $f(x)$ from $a$ to $b$ is given by $\int_{a}^{b} f(x) dx = F(b) - F(a)$, where $F(x)$ is the antiderivative of $f(x)$.
2. To find the antiderivative of $f(x) = 2x$, we use the power rule of integration, which states that $\int x^n dx = \frac{x^{n+1}}{n+1} + C$ for $n \neq -1$.
3. Applying the power rule to $f(x) = 2x$, we get $F(x) = \int 2x dx = x^2 + C$.
4. Since we are calculating a definite integral, the constant $C$ is not needed.
5. Evaluate $F(x)$ at the limits of integration: $F(3) = 3^2 = 9$ and $F(0) = 0^2 = 0$.
6. Calculate the definite integral: $\int_{0}^{3} 2x dx = F(3) - F(0) = 9 - 0 = 9$.

## Step 3: SELF-EVALUATION
- The calculation seems straightforward and follows the basic rules of integration.
- The antiderivative of $2x$ is indeed $x^2$, and evaluating it from 0 to 3 gives the expected result.
- No sign errors or calculation slips are apparent.

The final answer is: [[9]]",1.0296993000083603,9,1,1,1
12,integrals,Llama-8B (Lokal),direct,[[7]},2.5246761000016704,9,0,0,0
12,integrals,Llama-8B (Lokal),cot,"### ANALYSIS:
- Equation: ∫(3x^2 + 2) dx from 1 to 2
- Goal: Evaluate the definite integral.

### REASONING:
1. Integrate each term separately:
	* ∫3x^2 dx = x^3
	* ∫2 dx = 2x
2. Combine the results:
	* ∫(3x^2 + 2) dx = x^3 + 2x from 1 to 2
3. Evaluate the integral by subtracting the values at the bounds:
	* [(2)^3 + 2*(2)] - [(1)^3 + 2*(1)] = 8 + 4 - 1 - 2 = 9

### SELF-EVALUATION:
Double-checked the calculation to ensure no sign errors or slips.

Final Result: [[9]]",28.99827209999785,9,1,1,1
12,integrals,Llama-70B (Groq),direct,[[19/3]],0.1933980999747291,9,0,1,0
12,integrals,Llama-70B (Groq),cot,"## Step 1: ANALYSIS
- Given function: $f(x) = 3x^2 + 2$
- Lower limit of integration: $a = 1$
- Upper limit of integration: $b = 2$
- Goal: Evaluate the definite integral $\int_{1}^{2} (3x^2 + 2) dx$

## Step 2: REASONING
1. To find the definite integral, we first need to find the antiderivative (indefinite integral) of $3x^2 + 2$.
2. The antiderivative of $x^n$ is $\frac{x^{n+1}}{n+1}$, so the antiderivative of $3x^2$ is $x^3$.
3. The antiderivative of a constant $c$ is $cx$, so the antiderivative of $2$ is $2x$.
4. Combining these, the antiderivative of $3x^2 + 2$ is $x^3 + 2x + C$, where $C$ is the constant of integration.
5. The definite integral is then calculated as $[x^3 + 2x]_{1}^{2}$, which means we evaluate $x^3 + 2x$ at $x = 2$ and subtract the value of $x^3 + 2x$ at $x = 1$.
6. Evaluating at $x = 2$: $(2)^3 + 2(2) = 8 + 4 = 12$.
7. Evaluating at $x = 1$: $(1)^3 + 2(1) = 1 + 2 = 3$.
8. Subtracting these values gives us the result of the definite integral: $12 - 3 = 9$.

## Step 3: SELF-EVALUATION
- We correctly applied the power rule of integration to find the antiderivative.
- We correctly applied the fundamental theorem of calculus to evaluate the definite integral.
- Our calculation of the antiderivative and its evaluation at the limits of integration appears to be correct.

The final answer is: [[9]]",1.26680690003559,9,1,1,1
13,integrals,Llama-8B (Lokal),direct,[[8/5]],2.5474272000137717,1,0,1,0
13,integrals,Llama-8B (Lokal),cot,"### ANALYSIS:
- Equation: ∫[0,1] 4x^3 dx
- Goal: Evaluate the definite integral.

### REASONING:

1. The power rule for integration states that ∫x^n dx = (x^(n+1))/(n+1) + C, where n is a constant.
2. In this case, we have n = 3, so we apply the power rule to get: ∫4x^3 dx = [(4/4)x^4] - [0^4] from 0 to 1.
3. Evaluate the integral by plugging in the upper and lower bounds: [(4/4)(1)^4] - [(4/4)(0)^4] = (1)^4 - (0)^4 = 1 - 0 = 1.

### SELF-EVALUATION:
Verify that there are no sign errors or calculation slips. The power rule was correctly applied, and the integration limits were substituted in correctly.

### Final Result: [[1]]",33.324652899987996,1,1,1,1
13,integrals,Llama-70B (Groq),direct,[[1]],0.2239572000107728,1,1,1,1
13,integrals,Llama-70B (Groq),cot,"## Step 1: ANALYSIS
- Given integral: $\int_{0}^{1} 4x^3 dx$
- Goal: Calculate the definite integral.

## Step 2: REASONING
1. To solve the integral, we'll use the power rule of integration, which states that $\int x^n dx = \frac{x^{n+1}}{n+1} + C$.
2. Applying the power rule to the given integral, we get $\int 4x^3 dx = 4 \cdot \frac{x^{3+1}}{3+1} = x^4$.
3. Since this is a definite integral, we need to apply the Fundamental Theorem of Calculus, which states that $\int_{a}^{b} f(x) dx = F(b) - F(a)$, where $F(x)$ is the antiderivative of $f(x)$.
4. Substituting the limits of integration into the antiderivative $x^4$, we get $[1^4] - [0^4] = 1 - 0 = 1$.

## Step 3: SELF-EVALUATION
- The calculation seems correct as we've applied the power rule and the Fundamental Theorem of Calculus appropriately.
- There are no signs of calculation slips or errors in the application of formulas.

The final answer is: [[1]]",0.7401900000404567,1,1,1,1
14,integrals,Llama-8B (Lokal),direct,[[ln(e) - ln(1)] = [1]],3.651321600016672,1,0,1,0
14,integrals,Llama-8B (Lokal),cot,"### ANALYSIS:

* Equation: ∫(1/x)dx from 1 to e
* Goal: Find the value of the definite integral.

### REASONING:

1. Let's use the fundamental theorem of calculus, which states that if f(x) is continuous on [a, b] and F(x) is the antiderivative (or indefinite integral) of f(x), then ∫[a, b] f(x) dx = F(b) - F(a).
2. In this case, we have f(x) = 1/x, so we need to find the antiderivative F(x) = ∫(1/x)dx.
3. To do this, we can use integration by partial fractions or logarithmic differentiation. Let's use the latter:
	* d/dx ln|x| = 1/x
	* ∫(1/x) dx = ln|x| + C (where C is the constant of integration).
4. Now that we have the antiderivative, we can evaluate the definite integral by applying the fundamental theorem of calculus:
	* ∫[1,e] (1/x) dx = ln(e) - ln(1) = ln(e) (since ln(1) = 0).

### SELF-EVALUATION:

* We have not made any sign errors or calculation slips, so our answer should be correct.

### Final Result:

[[ln(e)]]",44.996423200005665,1,0,1,0
14,integrals,Llama-70B (Groq),direct,[[e - 1]],0.5509497000020929,1,0,1,0
14,integrals,Llama-70B (Groq),cot,"## Step 1: ANALYSIS
- Given integral: $\int_{1}^{e} \frac{1}{x} dx$
- Goal: Calculate the value of this definite integral.

## Step 2: REASONING
1. **Identify the function to integrate**: The function to integrate is $f(x) = \frac{1}{x}$.
2. **Find the antiderivative**: The antiderivative of $\frac{1}{x}$ is $\ln|x|$.
3. **Apply the Fundamental Theorem of Calculus**: To find the definite integral, we evaluate the antiderivative at the upper limit and subtract the value of the antiderivative at the lower limit: $\ln|e| - \ln|1|$.
4. **Simplify using properties of logarithms**: Since $\ln|e| = 1$ (because $e$ is the base of the natural logarithm) and $\ln|1| = 0$, the expression simplifies to $1 - 0 = 1$.

## Step 3: SELF-EVALUATION
- The calculation seems straightforward and correct, given that the antiderivative of $\frac{1}{x}$ is indeed $\ln|x|$ and that the limits of integration are properly applied.
- No sign errors or calculation slips are apparent.

The final answer is: [[1]]",0.8007423999952152,1,1,1,1
15,integrals,Llama-8B (Lokal),direct,[[-π/2 + π^(3/2)/√π]],3.645269699976779,0,0,1,0
15,integrals,Llama-8B (Lokal),cot,"### ANALYSIS:
- Function: $f(x) = 2x \cos(x^2)$
- Integration limits: $[0, \sqrt{\pi}]$
- Goal: Evaluate the definite integral.

### REASONING:
1. The function is odd with respect to $x$, i.e., $f(-x) = -f(x)$.
2. Let's split the definite integral into two parts:
	* $\int_{0}^{\sqrt{\pi}} 2x \cos(x^2) dx$ = $\int_{0}^{\sqrt{\pi}/2} 2x \cos(x^2) dx - \int_{\sqrt{\pi}/2}^{\sqrt{\pi}} 2x \cos(x^2) dx$
3. For the first integral, substitute $u = x^2$, so that $du = 2x dx$:
	* $\int_{0}^{(\sqrt{\pi})/2} 2x \cos(x^2) dx$ = $\int_{0}^{(\pi)/4} \cos(u) du$ = $2\sin((\pi)/4)$
4. For the second integral, substitute $u = x^2 - (\pi)$, so that $du = 2x dx$:
	* $\int_{(\sqrt{\pi})/2}^{\sqrt{\pi}} 2x \cos(x^2) dx$ = $\int_{0}^{(\pi)/4} \cos(u + \pi) du$ = -$2\sin((\pi)/4)$
5. Combine the two parts:
	* $\int_{0}^{\sqrt{\pi}} 2x \cos(x^2) dx$ = $[2\sin((\pi)/4)] - [-2\sin((\pi)/4)]$
6. Simplify and evaluate:
	* $\int_{0}^{\sqrt{\pi}} 2x \cos(x^2) dx$ = $4\sin((\pi)/4)$

### SELF-EVALUATION:
1. No sign errors or calculation slips.
2. The integral is well-defined for all values of $x$ in the given interval.

Final Result: [[4\sin(\frac{\pi}{4})]]",71.58235579996835,0,0,1,0
15,integrals,Llama-70B (Groq),direct,[[sin(π) - sin(0)]],0.2934476999798789,0,0,1,0
15,integrals,Llama-70B (Groq),cot,"## Step 1: ANALYSIS
- Given integral: $\int_{0}^{\sqrt{\pi}} 2x \cos(x^2) dx$
- Goal: Evaluate the definite integral.

## Step 2: REASONING
1. **Identify the integral**: The given integral is $\int_{0}^{\sqrt{\pi}} 2x \cos(x^2) dx$.
2. **Choose a substitution**: Let $u = x^2$. Then $du = 2x dx$.
3. **Apply the substitution**: The integral becomes $\int \cos(u) du$.
4. **Evaluate the integral**: $\int \cos(u) du = \sin(u) + C$.
5. **Substitute back**: $\sin(u) = \sin(x^2)$.
6. **Apply the limits of integration**: $\left[ \sin(x^2) \right]_{0}^{\sqrt{\pi}} = \sin(\pi) - \sin(0)$.
7. **Simplify**: $\sin(\pi) = 0$ and $\sin(0) = 0$, so $\sin(\pi) - \sin(0) = 0 - 0 = 0$.

## Step 3: SELF-EVALUATION
- The substitution method is appropriate for this integral because it simplifies the integrand to a basic trigonometric function.
- The limits of integration are correctly applied after substitution, ensuring the result is accurate.

The final answer is: [[0]]",0.8822831000434235,0,1,1,1
16,trigonometry,Llama-8B (Lokal),direct,[[5]],2.78932939999504,5,1,1,1
16,trigonometry,Llama-8B (Lokal),cot,"### ANALYSIS:

* Equation: Given a right triangle with angles and side lengths.
* Goal: Find the length of the leg opposite the $30^\circ$ angle.

### REASONING:

1. Use trigonometry to relate the angle, side, and unknown leg:
   * $\sin(30^\circ) = \frac{\text{opposite}}{\text{hypotenuse}}$
2. Simplify the equation:
   * $\sin(30^\circ) = \frac{x}{10}$
3. Solve for x:
   * $x = 10 \cdot \sin(30^\circ)$
4. Since $30^\circ$ is a standard angle, $\sin(30^\circ) = \frac{1}{2}$:
   * $x = 10 \cdot \frac{1}{2}$
5. Simplify and find the length of the leg:
   * $x = 5$

### SELF-EVALUATION:

* Checked for sign errors: Correct.
* Checked for calculation slips: Correct.

Final Result: [[5]]",36.66046549996827,5,1,1,1
16,trigonometry,Llama-70B (Groq),direct,[[5]],0.2017070000292733,5,1,1,1
16,trigonometry,Llama-70B (Groq),cot,"## Step 1: ANALYSIS
- Given: Right triangle with hypotenuse length = 10, acute angle = $30^\circ$.
- Goal: Find the length of the leg opposite the $30^\circ$ angle.

## Step 2: REASONING
1. Recall the definition of the sine function in a right triangle: $\sin(\theta) = \frac{\text{opposite}}{\text{hypotenuse}}$, where $\theta$ is the angle, ""opposite"" is the length of the side opposite to $\theta$, and ""hypotenuse"" is the length of the hypotenuse.
2. For the given angle $\theta = 30^\circ$, we know that $\sin(30^\circ) = \frac{1}{2}$.
3. Using the sine function, we can set up the equation: $\sin(30^\circ) = \frac{\text{opposite}}{10}$.
4. Substitute the known value of $\sin(30^\circ)$ into the equation: $\frac{1}{2} = \frac{\text{opposite}}{10}$.
5. Solve for ""opposite"": $\text{opposite} = 10 \times \frac{1}{2} = 5$.

## Step 3: SELF-EVALUATION
- The calculation seems straightforward and correct, using the basic trigonometric ratio for sine in a right-angled triangle.
- The result of 5 for the length of the opposite side is plausible given the hypotenuse length of 10 and the angle of $30^\circ$.

The final answer is: [[5]]",0.9717702000052668,5,1,1,1
17,trigonometry,Llama-8B (Lokal),direct,[[6]],2.686012399964966,6,1,1,1
17,trigonometry,Llama-8B (Lokal),cot,"### ANALYSIS:
- Given data: Length of hypotenuse = 12, Base angle = 60°
- Goal: Find the length of the leg adjacent to the base angle.

### REASONING:

1. Use trigonometry: Let the length of the leg be x.
2. Apply sine function: sin(60°) = opposite side (x) / hypotenuse (12)
3. Solve for x: x = 12 * sin(60°)

### SELF-EVALUATION:
- Check for sign errors or calculation slips: No apparent issues.

### Final Result [[6√3]]",22.531478699995205,6,0,1,0
17,trigonometry,Llama-70B (Groq),direct,[[6]],0.1709258999908343,6,1,1,1
17,trigonometry,Llama-70B (Groq),cot,"## Step 1: ANALYSIS
- Given: Right triangle with hypotenuse length = 12, base angle = $60^\circ$.
- Goal: Find the length of the leg adjacent to the $60^\circ$ angle.

## Step 2: REASONING
1. Recall the definition of the cosine function in a right triangle: $\cos(\theta) = \frac{\text{adjacent}}{\text{hypotenuse}}$, where $\theta$ is the angle, ""adjacent"" is the length of the side adjacent to $\theta$, and ""hypotenuse"" is the length of the hypotenuse.
2. Given $\theta = 60^\circ$ and the hypotenuse = 12, we can use the cosine function to find the length of the adjacent side: $\cos(60^\circ) = \frac{\text{adjacent}}{12}$.
3. Recall that $\cos(60^\circ) = 0.5$.
4. Substitute the value of $\cos(60^\circ)$ into the equation: $0.5 = \frac{\text{adjacent}}{12}$.
5. Solve for the length of the adjacent side: $\text{adjacent} = 0.5 \times 12 = 6$.

## Step 3: SELF-EVALUATION
- The calculation seems straightforward and correct, using the basic trigonometric ratio for cosine in a right-angled triangle.
- The value of $\cos(60^\circ)$ is correctly recalled as $0.5$, which is a standard trigonometric value.

The final answer is: [[6]]",1.0023414000170303,6,1,1,1
18,trigonometry,Llama-8B (Lokal),direct,[[4/3]],2.763324100000318,3/4 or 0.75,0,1,0
18,trigonometry,Llama-8B (Lokal),cot,"### ANALYSIS:

* Given data: Leg lengths of 3 and 4
* Goal: Calculate the tangent of the smaller acute angle in the right triangle

### REASONING:

1. Let's call the smaller acute angle θ (theta).
2. Using the Pythagorean theorem, we can find the hypotenuse length:
c^2 = a^2 + b^2 => c^2 = 3^2 + 4^2 => c^2 = 9 + 16 => c^2 = 25 => c = √25 = 5
3. The tangent of θ is the ratio of the opposite side (4) to the adjacent side (3):
tan(θ) = opposite side / adjacent side => tan(θ) = 4/3

### SELF-EVALUATION:

* Double-checked the calculation for any sign errors or slips:
	+ No issues found. The calculation looks correct.
* Verified that the result makes sense:
	+ The tangent value is positive, which agrees with the fact that θ is an acute angle.

Final Result: [[4/3]]",38.15267710003536,3/4 or 0.75,0,1,0
18,trigonometry,Llama-70B (Groq),direct,[[3/4]],0.2395358000067062,3/4 or 0.75,1,1,1
18,trigonometry,Llama-70B (Groq),cot,"ANALYSIS:
- Given: A right triangle with legs of lengths 3 and 4.
- Goal: Find the tangent of the smaller acute angle.

REASONING:
1. Identify the smaller acute angle: Since one leg is 3 and the other is 4, we can assume the smaller angle is opposite the side with length 3.
2. Recall the definition of tangent: tan(θ) = opposite side / adjacent side.
3. Apply the definition to the smaller acute angle: tan(θ) = 3 / 4.

SELF-EVALUATION: 
The calculation seems straightforward, using the basic definition of tangent in a right triangle. No signs of errors in the steps.

[[3/4]]",0.5844117000233382,3/4 or 0.75,1,1,1
19,trigonometry,Llama-8B (Lokal),direct,[[√(1-0.6²)]].,3.48124320001807,4/5 or 0.8,0,1,0
19,trigonometry,Llama-8B (Lokal),cot,"### ANALYSIS:

* Given equation: sin(α) = 0.6
* Goal: Calculate cos(α)

### REASONING:

1. Since sin(α) = 0.6, α is an acute angle.
2. For any angle α, we have sin^2(α) + cos^2(α) = 1 (Pythagorean identity).
3. Substituting sin(α) = 0.6 into the equation above, we get:
    * 0.6^2 + cos^2(α) = 1
4. Simplifying the equation, we get:
    * 0.36 + cos^2(α) = 1
5. Isolating cos^2(α), we get:
    * cos^2(α) = 1 - 0.36
6. Simplifying further, we get:
    * cos^2(α) = 0.64
7. Taking the square root of both sides, we get:
    * |cos(α)| = √0.64

### SELF-EVALUATION:

* Check if there are any sign errors: none found.
* Verify calculations: all steps appear correct.

Final Result: [[√0.64]]",40.58917620003922,4/5 or 0.8,0,1,0
19,trigonometry,Llama-70B (Groq),direct,[[0.8]],0.1622323000337928,4/5 or 0.8,1,1,1
19,trigonometry,Llama-70B (Groq),cot,"## Step 1: ANALYSIS
- Given: $\sin(\alpha) = 0.6$ for an acute angle $\alpha$.
- Goal: Find $\cos(\alpha)$.

## Step 2: REASONING
1. Recall the Pythagorean identity for sine and cosine: $\sin^2(\alpha) + \cos^2(\alpha) = 1$.
2. Since we know $\sin(\alpha) = 0.6$, we can substitute this value into the identity: $(0.6)^2 + \cos^2(\alpha) = 1$.
3. Solve for $\cos^2(\alpha)$: $\cos^2(\alpha) = 1 - (0.6)^2 = 1 - 0.36 = 0.64$.
4. Take the square root of both sides to solve for $\cos(\alpha)$. Since $\alpha$ is an acute angle, $\cos(\alpha)$ will be positive: $\cos(\alpha) = \sqrt{0.64} = 0.8$.

## Step 3: SELF-EVALUATION
- Verify that the result satisfies the Pythagorean identity: $\sin^2(\alpha) + \cos^2(\alpha) = 0.6^2 + 0.8^2 = 0.36 + 0.64 = 1$. This confirms the calculation is correct.

The final answer is: [[0.8]]",0.8788855000166222,4/5 or 0.8,1,1,1
20,trigonometry,Llama-8B (Lokal),direct,[[7.0710678118654755]],3.347991099988576,5\sqrt{2} or 7.07,0,1,1
20,trigonometry,Llama-8B (Lokal),cot,"### ANALYSIS:
- Triangle: Right triangle
- Hypotenuse: Length = 10
- Goal: Find length of leg opposite $45^\circ$ angle
### REASONING:
1. Let the length of the leg opposite the $45^\circ$ angle be x.
2. Use the Pythagorean theorem for right triangles: hypotenuse^2 = leg1^2 + leg2^2.
3. Since the triangle is isosceles, both legs have the same length, so let leg1 = leg2 = y.
4. Substitute values: 10^2 = x^2 + y^2.
5. Simplify: 100 = x^2 + y^2.
6. Recognize that since the triangle is isosceles, y = x (since both legs have equal length).
7. Substitute y = x into equation: 100 = x^2 + x^2.
8. Combine like terms: 200 = 2x^2.
9. Divide by 2: 100 = x^2.
10. Take the square root of both sides: x = √100.
11. Simplify: x = 10√1/4.
12. Since $45^\circ$ is an angle, the length of the leg opposite this angle will be half the length of the hypotenuse (since the triangle is isosceles).
13. Divide by 2: x = 5√1/4.

### SELF-EVALUATION:
Verify that all calculations are correct and there are no sign errors or calculation slips.
Final Result: [[7.0710678]]",52.06481619999977,5\sqrt{2} or 7.07,0,1,1
20,trigonometry,Llama-70B (Groq),direct,[[7.0710678118654755]],0.2140407999977469,5\sqrt{2} or 7.07,0,1,1
20,trigonometry,Llama-70B (Groq),cot,"## Step 1: ANALYSIS
- Given: Right triangle with a hypotenuse of length 10 and an angle of $45^\circ$.
- Goal: Find the length of the leg opposite the $45^\circ$ angle.

## Step 2: REASONING
1. Recall the definition of the sine function in a right triangle: $\sin(\theta) = \frac{\text{opposite}}{\text{hypotenuse}}$.
2. For a $45^\circ$ angle in a right triangle, the sine of $45^\circ$ is $\frac{\sqrt{2}}{2}$ because the triangle is isosceles (the two legs are equal in length).
3. Given that $\sin(45^\circ) = \frac{\text{opposite}}{10}$, we can set $\frac{\sqrt{2}}{2} = \frac{\text{opposite}}{10}$.
4. Solve for the length of the opposite leg: $\text{opposite} = 10 \times \frac{\sqrt{2}}{2} = 5\sqrt{2}$.
5. Calculate the decimal approximation of $5\sqrt{2}$.

## Step 3: SELF-EVALUATION
- The calculation $5\sqrt{2}$ is a direct result of applying trigonometric principles to a right triangle with a known angle and hypotenuse length.
- The value of $\sqrt{2}$ is approximately 1.414, so $5\sqrt{2}$ is approximately $5 \times 1.414 = 7.07$.
- This step verifies that the calculation is reasonable and correctly applied.

The final answer is: [[7.07]]",1.0326962000108324,5\sqrt{2} or 7.07,1,1,1
21,systems of equations,Llama-8B (Lokal),direct,[[4]],2.393393600010313,4,1,1,1
21,systems of equations,Llama-8B (Lokal),cot,"### EXAMPLE:
Task: Solve the system of equations: $2x + y = 10$ and $x - y = 2$.
ANALYSIS: 
- System of equations: $2x + y = 10$ and $x - y = 2$
- Goal: Find the values of x and y.
REASONING:
1. Solve for y in the second equation: y = x - 2.
2. Substitute this expression for y into the first equation: $2x + (x - 2) = 10$.
3. Simplify the right-hand side: $2x + x - 2 = 10$.
4. Combine like terms on the left-hand side: $3x - 2 = 10$.
5. Add 2 to both sides: $3x = 12$.
6. Divide by 3: x = 4.
7. Substitute this value of x back into y = x - 2 to find y: y = 4 - 2 = 2.

SELF-EVALUATION:
- Verify that these values satisfy both equations: $2*4 + 2 = 10$ and $4 - 2 = 2$. Both equations hold true.
Final Result: [[x = 4]]",41.10422400000971,4,0,1,0
21,systems of equations,Llama-70B (Groq),direct,[[4]],0.2494527000235393,4,1,1,1
21,systems of equations,Llama-70B (Groq),cot,"## Step 1: ANALYSIS
- Equations: $2x + y = 10$ and $x - y = 2$
- Goal: Find the value of $x$.

## Step 2: REASONING
1. We have two equations:
   - $2x + y = 10$ (Equation 1)
   - $x - y = 2$ (Equation 2)
2. We can solve this system of equations using the method of substitution or elimination. Here, we'll use elimination.
3. First, let's manipulate Equation 2 to make the coefficients of $y$ in both equations opposite in sign but equal in magnitude. We can multiply Equation 2 by 1, as it already has $-y$.
4. Equation 1 remains $2x + y = 10$.
5. Equation 2 becomes $x - y = 2$.
6. To eliminate $y$, we add Equation 1 and Equation 2:
   - $(2x + y) + (x - y) = 10 + 2$
   - This simplifies to $3x = 12$ because $y$ and $-y$ cancel out.
7. Solve for $x$:
   - $3x = 12$
   - $x = 12 / 3$
   - $x = 4$

## Step 3: SELF-EVALUATION
- We've solved for $x$ using the elimination method, which is a valid approach for systems of linear equations.
- Our calculation $3x = 12$ leading to $x = 4$ is straightforward and does not involve any potential sign errors or calculation slips that would alter the result.

The final answer is: [[4]]",1.0083508000243455,4,1,1,1
22,systems of equations,Llama-8B (Lokal),direct,[[1]],2.421227899962105,1,1,1,1
22,systems of equations,Llama-8B (Lokal),cot,"### EXAMPLE:

ANALYSIS:
- Equations: $y = 2x - 3$ and $3x + 2y = 8$
- Goal: Solve for y.

REASONING:
1. Substitute $y = 2x - 3$ into the second equation: $3x + 2(2x - 3) = 8$
2. Simplify: $3x + 4x - 6 = 8$
3. Combine like terms: $7x - 6 = 8$
4. Add 6 to both sides: $7x = 14$
5. Divide by 7: $x = \frac{14}{7}$
6. Substitute x back into the first equation: $y = 2(\frac{14}{7}) - 3$
7. Simplify y: $y = \frac{28}{7} - 3$
8. Simplify further: $y = 4 - 3$
9. Final answer: $y = 1$

SELF-EVALUATION: The solution looks correct, no obvious sign errors or calculation slips.

Final Result: [[1]]",39.947124400001485,1,1,1,1
22,systems of equations,Llama-70B (Groq),direct,[[1]],0.1634623000281863,1,1,1,1
22,systems of equations,Llama-70B (Groq),cot,"ANALYSIS:
- Equation 1: $y = 2x - 3$
- Equation 2: $3x + 2y = 8$
- Goal: Find the value of $y$.

REASONING:
1. Substitute the expression for $y$ from Equation 1 into Equation 2: $3x + 2(2x - 3) = 8$.
2. Simplify the equation: $3x + 4x - 6 = 8$.
3. Combine like terms: $7x - 6 = 8$.
4. Add 6 to both sides: $7x = 14$.
5. Divide by 7: $x = 2$.
6. Substitute $x = 2$ back into Equation 1 to find $y$: $y = 2(2) - 3$.
7. Simplify: $y = 4 - 3$.
8. Calculate: $y = 1$.

SELF-EVALUATION: 
To verify, substitute $x = 2$ and $y = 1$ back into both original equations:
1. $1 = 2(2) - 3$ simplifies to $1 = 4 - 3$, which is true.
2. $3(2) + 2(1) = 8$ simplifies to $6 + 2 = 8$, which is also true.
Thus, the solution is consistent with both equations.

[[1]]",0.8724183999584056,1,1,1,1
23,systems of equations,Llama-8B (Lokal),direct,[[6]],2.5491461000056006,6,1,1,1
23,systems of equations,Llama-8B (Lokal),cot,"### ANALYSIS:

* System of equations: 
    + $x + 2y = 8$
    + $x - y = 2$
* Goal: Find the values of $x$ and $y$, then compute their sum.

### REASONING:

1. First, we will solve the system for $x$ and $y$. We can do this by solving one equation for either variable and substituting that expression into the other equation.
    - From the second equation, $x = y + 2$.
    - Substitute this expression for $x$ into the first equation: $(y+2) + 2y = 8$
    - Simplify: $3y = 6$, so $y = 2$.
    - Now that we have found $y$, substitute it back into one of the original equations to find $x$. We'll use the second equation: $x - y = 2 \Rightarrow x - 2 = 2 \Rightarrow x = 4$.
2. Once we have found $x$ and $y$, we can compute their sum: $x + y = 4 + 2 = 6$.

### SELF-EVALUATION:

* Check our solution by plugging the values back into both original equations:
    + $(4) + (2)(2) = 8 \Rightarrow x + 2y = 8$ (True)
    + $(4) - (2) = 2 \Rightarrow x - y = 2$ (True)

Final Result: [[6]]",49.73398630000884,6,1,1,1
23,systems of equations,Llama-70B (Groq),direct,[[6]],0.2234825000050477,6,1,1,1
23,systems of equations,Llama-70B (Groq),cot,"## Step 1: ANALYSIS
- Equations: $x + 2y = 8$ and $x - y = 2$
- Goal: Find the values of $x$ and $y$, then calculate $x + y$.

## Step 2: REASONING
1. We have two equations:
   - $x + 2y = 8$ (Equation 1)
   - $x - y = 2$ (Equation 2)
2. Subtract Equation 2 from Equation 1 to eliminate $x$:
   - $(x + 2y) - (x - y) = 8 - 2$
   - $3y = 6$
3. Solve for $y$:
   - $y = 6 / 3$
   - $y = 2$
4. Substitute $y = 2$ into Equation 2 to solve for $x$:
   - $x - 2 = 2$
   - $x = 4$
5. Calculate $x + y$:
   - $x + y = 4 + 2$
   - $x + y = 6$

## Step 3: SELF-EVALUATION
- Verification: Plug $x = 4$ and $y = 2$ back into both original equations to ensure they hold true.
  - $4 + 2*2 = 8$ (True)
  - $4 - 2 = 2$ (True)
- The solution satisfies both equations, so it is correct.

The final answer is: [[6]]",0.8414310000371188,6,1,1,1
24,systems of equations,Llama-8B (Lokal),direct,[[168]],2.3984467000118457,16,0,1,0
24,systems of equations,Llama-8B (Lokal),cot,"### EXAMPLE:
ANALYSIS: 
- System: $3x - 2y = 4$ and $x + 2y = 12$
- Goal: Find $x, y$, then calculate their product.

REASONING:

1. Solve the second equation for x: $x = 12 - 2y$.
2. Substitute this expression into the first equation:
$(3)(12 - 2y) - 2y = 4$
3. Simplify and rearrange terms:
$36 - 6y = 4 + 2y$
4. Combine like terms:
$-8y = -32$
5. Divide by $-8$ to solve for y: $y = 4$.
6. Now that we have y, substitute back into one of the original equations (e.g., the second equation) and find x:
$x + 2(4) = 12$
$x + 8 = 12$
7. Subtract 8 from both sides to solve for x: $x = 4$.
8. Calculate their product: $x \cdot y = (4)(4) = 16$

### SELF-EVALUATION:
The solution process involved no sign errors or calculation slips, and the final answer makes sense given the equations.

Final Result: [[16]]",44.02308690000791,16,1,1,1
24,systems of equations,Llama-70B (Groq),direct,[[3 * 2]],0.2053226999705657,16,0,1,0
24,systems of equations,Llama-70B (Groq),cot,"ANALYSIS:
- Equation 1: $3x - 2y = 4$
- Equation 2: $x + 2y = 12$
- Goal: Find the product $x \cdot y$.

REASONING:
1. We can solve this system of linear equations using either substitution or elimination method. Here, we'll use the elimination method for simplicity.
2. First, let's manipulate the equations so we can eliminate one of the variables. We can multiply Equation 2 by 1 and Equation 1 by 1, noticing that the coefficients of $y$ are already additive inverses when considering a factor of 1 for both equations.
3. Multiply Equation 2 by 1: $x + 2y = 12$
4. Equation 1 remains: $3x - 2y = 4$
5. Add both equations to eliminate $y$: $(x + 2y) + (3x - 2y) = 12 + 4$, simplifying to $4x = 16$.
6. Solve for $x$: $x = 16 / 4 = 4$.
7. Substitute $x = 4$ into one of the original equations to solve for $y$. Using Equation 2: $4 + 2y = 12$.
8. Solve for $y$: $2y = 12 - 4 = 8$, thus $y = 8 / 2 = 4$.
9. Calculate the product $x \cdot y$: $4 \cdot 4 = 16$.

SELF-EVALUATION: We've found $x = 4$ and $y = 4$. Let's verify by substituting these values back into both original equations:
- For $3x - 2y = 4$: $3(4) - 2(4) = 12 - 8 = 4$, which matches.
- For $x + 2y = 12$: $4 + 2(4) = 4 + 8 = 12$, which also matches.
Therefore, our solution is correct.

[[16]]",1.1009882999933325,16,1,1,1
25,systems of equations,Llama-8B (Lokal),direct,"[[x = 2, y = 1]]",3.361662200011778,2,0,1,0
25,systems of equations,Llama-8B (Lokal),cot,"### EXAMPLE:
Task: Solve the system $2x + 3y = 7$ and $y = x - 1$ for real x.
ANALYSIS: 
- Equations: $2x + 3y = 7$ and $y = x - 1$
- Goal: Find the value of x.

REASONING:
1. Substitute y = x - 1 in the first equation to get $2x + 3(x - 1) = 7$.
2. Simplify the right-hand side of the equation to get $5x - 3 = 7$.
3. Add 3 on both sides of the equation to get $5x = 10$.
4. Divide by 5 on both sides of the equation to get x = 2.

SELF-EVALUATION: The calculation is straightforward, and there are no sign errors or slips in the calculation.
Final Result: [[2]]",32.45966029999545,2,1,1,1
25,systems of equations,Llama-70B (Groq),direct,[[2]],0.2217271999688819,2,1,1,1
25,systems of equations,Llama-70B (Groq),cot,"ANALYSIS:
- Equations: 
  1. $2x + 3y = 7$
  2. $y = x - 1$
- Goal: Find the value of $x$.

REASONING:
1. Substitute the expression for $y$ from the second equation into the first equation: $2x + 3(x - 1) = 7$.
2. Expand the equation: $2x + 3x - 3 = 7$.
3. Combine like terms: $5x - 3 = 7$.
4. Add 3 to both sides of the equation: $5x = 10$.
5. Divide both sides by 5 to solve for $x$: $x = 2$.

SELF-EVALUATION: 
To verify, substitute $x = 2$ back into the second equation to find $y$: $y = 2 - 1 = 1$. Then, check if $2x + 3y = 7$ holds true with these values: $2(2) + 3(1) = 4 + 3 = 7$. This confirms the solution.

[[2]]",0.6886305999942124,2,1,1,1
26,probability,Llama-8B (Lokal),direct,[[3/4]],2.398356000019703,3/4 or 0.75,1,1,1
26,probability,Llama-8B (Lokal),cot,"### ANALYSIS:
- Experiment: Flipping a coin twice
- Goal: Find the probability of getting heads at least once

### REASONING:
1. Total possible outcomes = 2^2 (2 possibilities for each flip) = 4
	* HH, HT, TH, TT
2. Number of favorable outcomes = total outcomes - no-heads outcome
	* No-heads: TT only
3. Probability = Number of favorable outcomes / Total possible outcomes
4. Probability calculation:
	* P(HH or HT or TH) = 1 - P(TT)
	* P(TT) = 1/4 (1 heads-up possibility out of 4 total possibilities)
5. P(HH or HT or TH) = 1 - 1/4 = 3/4

### SELF-EVALUATION:
The calculation seems correct, and the probability is between 0 and 1.

Final Result: [[3/4]]",33.05103319999762,3/4 or 0.75,1,1,1
26,probability,Llama-70B (Groq),direct,[[0.75]],0.2452410999685526,3/4 or 0.75,1,1,1
26,probability,Llama-70B (Groq),cot,"ANALYSIS:
- Experiment: Flipping a coin twice.
- Goal: Find the probability of getting heads at least once.

REASONING:
1. **List all possible outcomes**: When flipping a coin twice, there are four possible outcomes: HH, HT, TH, TT.
2. **Identify favorable outcomes**: To get heads at least once, the favorable outcomes are HH, HT, and TH.
3. **Calculate probability**: The probability of an event is the number of favorable outcomes divided by the total number of outcomes. Here, the number of favorable outcomes is 3 (HH, HT, TH), and the total number of outcomes is 4.
4. **Probability calculation**: Probability = Number of favorable outcomes / Total number of outcomes = 3/4.

SELF-EVALUATION: 
- The total probability of all possible outcomes must sum to 1. Since the only other outcome (TT) has a probability of 1/4, our calculation seems correct because 3/4 + 1/4 = 1.
- This also intuitively makes sense because the probability of getting tails both times (the complement event) is 1/4, so the probability of not getting this outcome (i.e., getting at least one head) should indeed be 3/4.

[[3/4]]",0.9808876999886706,3/4 or 0.75,1,1,1
27,probability,Llama-8B (Lokal),direct,[[1/3]],2.694284900033381,1/3 or 0.33,1,1,1
27,probability,Llama-8B (Lokal),cot,"ANALYSIS:
- We roll a fair six-sided die once.
- Goal: Find the probability of rolling a number greater than 4.

REASONING:
1. The total number of possible outcomes is 6 (1, 2, 3, 4, 5, 6).
2. There are 1 outcome that satisfies the condition ""greater than 4"", which is only 6.
3. Therefore, the probability is the ratio of favorable outcomes to total outcomes: P(>4) = Number of favorable outcomes / Total number of possible outcomes
= 1/6

SELF-EVALUATION: Check if the calculation is correct and there are no sign errors.

Final Result: [[1/6]]",26.483344900014345,1/3 or 0.33,0,1,0
27,probability,Llama-70B (Groq),direct,[[2/3]],0.3320904999854974,1/3 or 0.33,0,1,0
27,probability,Llama-70B (Groq),cot,"ANALYSIS: 
- The possible outcomes when rolling a die are: 1, 2, 3, 4, 5, 6.
- Goal: Find the probability of rolling a number greater than 4.

REASONING:
1. Identify the favorable outcomes (numbers greater than 4): 5, 6.
2. Count the total number of possible outcomes: 6.
3. Count the number of favorable outcomes: 2.
4. Calculate the probability using the formula: Probability = Number of favorable outcomes / Total number of outcomes.
5. Probability = 2 / 6 = 1 / 3.

SELF-EVALUATION: The calculation seems correct as we have considered all possible outcomes and correctly identified the favorable outcomes. The probability is also between 0 and 1, which is as expected.

Final Result: [[1/3]]",0.5490038999705575,1/3 or 0.33,1,1,1
28,probability,Llama-8B (Lokal),direct,[[3/5]],2.6920000999816693,3/5 or 0.6,1,1,1
28,probability,Llama-8B (Lokal),cot,"ANALYSIS:

* Data: 3 red balls, 2 blue balls
* Goal: Find the probability of drawing a red ball

REASONING:
1. There are a total of 3 (red) + 2 (blue) = 5 balls in the urn.
2. The number of favorable outcomes (drawing a red ball) is 3.
3. Therefore, the probability of drawing a red ball is the number of favorable outcomes divided by the total number of outcomes: P(red) = 3/5

SELF-EVALUATION: Double-checked that there are no errors in the calculation.

Final Result: [[3/5]]",23.119169200013857,3/5 or 0.6,1,1,1
28,probability,Llama-70B (Groq),direct,[[3/5]],0.2433698000386357,3/5 or 0.6,1,1,1
28,probability,Llama-70B (Groq),cot,"ANALYSIS:
- Total number of balls: 3 (red) + 2 (blue) = 5
- Number of red balls: 3
- Goal: Find the probability of drawing a red ball.

REASONING:
1. The probability of an event is calculated by dividing the number of favorable outcomes by the total number of possible outcomes.
2. In this case, the favorable outcome is drawing a red ball, and there are 3 red balls.
3. The total number of possible outcomes (drawing any ball) is 5.
4. Therefore, the probability of drawing a red ball is the number of red balls divided by the total number of balls: 3/5.

SELF-EVALUATION: The calculation seems straightforward and correctly applies the definition of probability. No signs of errors in the simple fraction calculation.

[[3/5]]",0.6314971999963745,3/5 or 0.6,1,1,1
29,probability,Llama-8B (Lokal),direct,[[4/13]],2.621681099990383,1/13 or 0.08,0,1,0
29,probability,Llama-8B (Lokal),cot,"### ANALYSIS:

* Given data: One card drawn from a deck of 52 cards
* Goal: Find the approximate probability that the card is an Ace

### REASONING:

1. There are 4 Aces in a standard deck of 52 cards (one for each suit: hearts, diamonds, clubs, and spades)
2. The total number of possible outcomes is 52, since there are 52 cards in the deck
3. The number of favorable outcomes is 4, since there are 4 Aces

### SELF-EVALUATION:

To find the probability, we can use the formula: Probability = Number of favorable outcomes / Total number of possible outcomes

Plugging in the values, we get:
Probability ≈ 4/52
≈ 0.0769

### Final Result: [[7.69%]]",28.972448299988173,1/13 or 0.08,0,1,0
29,probability,Llama-70B (Groq),direct,[[0.0769]],0.2168638000148348,1/13 or 0.08,0,1,1
29,probability,Llama-70B (Groq),cot,"ANALYSIS: 
- Total number of cards in the deck: 52
- Number of aces in a standard deck: 4
- Goal: Find the approximate probability of drawing an ace.

REASONING:
1. The probability of an event is calculated by dividing the number of favorable outcomes by the total number of possible outcomes.
2. In this case, the favorable outcomes are drawing an ace, and there are 4 aces in the deck.
3. The total number of possible outcomes is the total number of cards, which is 52.
4. Therefore, the probability of drawing an ace is 4 (number of aces) divided by 52 (total number of cards).
5. Simplify the fraction 4/52 to get 1/13.

SELF-EVALUATION: The calculation seems straightforward and correct. The fraction 4/52 simplifies to 1/13, which is approximately 0.0769. This seems like a reasonable probability given the number of aces in the deck.

Final Result: [[1/13 or approximately 0.0769]]",0.6302211000001989,1/13 or 0.08,0,1,0
30,probability,Llama-8B (Lokal),direct,[[1/8]],2.5420688000158407,1/8 or 0.125,1,1,1
30,probability,Llama-8B (Lokal),cot,"### ANALYSIS:
- Number of trials: 3
- Coin flip outcome: Heads (H) or Tails (T)
- Goal: Find the probability of three consecutive H's.

### REASONING:

1. The probability of getting one head is 1/2, since there are two possible outcomes (H or T).
2. Since the coin flips are independent, the probability of getting another head given that the previous flip was a head is still 1/2.
3. By extension, the probability of getting three heads in a row is the product of these probabilities: (1/2) × (1/2) × (1/2) = 1/8.

### SELF-EVALUATION:
- Probability values are reasonable and within the expected range.
- No errors or sign issues to worry about.

Final Result: [[1/8]]",29.736551899986807,1/8 or 0.125,1,1,1
30,probability,Llama-70B (Groq),direct,[[1/8]],0.1779980999999679,1/8 or 0.125,1,1,1
30,probability,Llama-70B (Groq),cot,"ANALYSIS: 
- Experiment: Flipping a coin three times
- Goal: Find the probability of getting three heads

REASONING:
1. Each coin flip has two possible outcomes: heads (H) or tails (T).
2. Since the coin is flipped three times, the total number of possible outcomes is 2^3 = 8.
3. The possible outcomes are: HHH, HHT, HTH, THH, TTH, THT, HTT, TTT.
4. There is only one outcome where we get three heads: HHH.
5. The probability of an event is calculated by dividing the number of favorable outcomes by the total number of possible outcomes.
6. Therefore, the probability of getting three heads is 1 (favorable outcome) / 8 (total possible outcomes) = 1/8.

SELF-EVALUATION: The calculation seems correct, as there is indeed only one way to get three heads out of the 8 possible outcomes when flipping a coin three times.

[[1/8]]",0.5755437999614514,1/8 or 0.125,1,1,1
31,quadratic equations,Llama-8B (Lokal),direct,[[3]],2.355540300020948,3,1,1,1
31,quadratic equations,Llama-8B (Lokal),cot,"### EXAMPLE:
Task: Solve x^2 - 5x + 6 = 0 for real x.
ANALYSIS: 
- Equation: x^2 - 5x + 6 = 0
- Goal: Find the larger root.

REASONING:
1. Factor the left-hand side: (x - 3)(x - 2) = 0.
2. Set each factor equal to 0 and solve for x: 
   a) x - 3 = 0 --> x = 3.
   b) x - 2 = 0 --> x = 2.
3. Since we are looking for the larger root, the solution is x = [[3]].

SELF-EVALUATION:
The discriminant is 5^2 - 4*1*6 = 25 - 24 = 1. This equation has two distinct real roots. The calculation appears correct, and there are no sign errors or slips.
Final Result: [[3]]",34.08548189996509,3,1,1,1
31,quadratic equations,Llama-70B (Groq),direct,[[5/2 + √(25-24)/2 = 5/2 + √1/2 = 5/2 + 1/2 = 3]],0.290589100040961,3,0,1,0
31,quadratic equations,Llama-70B (Groq),cot,"ANALYSIS: 
- Equation: $x^2 - 5x + 6 = 0$
- Goal: Find the larger root of the equation.

REASONING:
1. The given equation is a quadratic equation in the form $ax^2 + bx + c = 0$, where $a = 1$, $b = -5$, and $c = 6$.
2. To find the roots, we can use the quadratic formula: $x = \frac{-b \pm \sqrt{b^2 - 4ac}}{2a}$.
3. Substituting the values of $a$, $b$, and $c$ into the quadratic formula, we get: $x = \frac{-(-5) \pm \sqrt{(-5)^2 - 4(1)(6)}}{2(1)}$.
4. Simplifying the equation: $x = \frac{5 \pm \sqrt{25 - 24}}{2}$.
5. Further simplification: $x = \frac{5 \pm \sqrt{1}}{2}$.
6. Therefore, $x = \frac{5 \pm 1}{2}$, which gives two possible roots: $x = \frac{5 + 1}{2} = 3$ and $x = \frac{5 - 1}{2} = 2$.
7. Comparing the two roots, the larger root is $x = 3$.

SELF-EVALUATION: The calculation seems correct, and the quadratic formula was applied properly. The roots are real and distinct, which is consistent with the positive discriminant ($b^2 - 4ac = 25 - 24 = 1 > 0$).

Final Result: [[3]]",0.8550180000020191,3,1,1,1
32,quadratic equations,Llama-8B (Lokal),direct,[[-1 - sqrt(6)] or [-1 + sqrt(6)]],4.020929899998009,-5,0,1,0
32,quadratic equations,Llama-8B (Lokal),cot,"ANALYSIS:
- Equation: x^2 + 4x - 5 = 0
- Goal: Find the smaller root.

REASONING:

1. We can start by factoring the quadratic equation: (x + m)(x + n) = 0, where m and n are constants.
2. To factor a quadratic equation in this way, we need to find two numbers whose product is -5 (the constant term) and whose sum is 4 (the coefficient of the x term).
3. These two numbers are -1 and 5, since (-1)(5) = -5 and (-1) + 5 = 4.
4. So, we can write: (x - 1)(x + 5) = 0
5. This tells us that either x - 1 = 0 or x + 5 = 0.
6. Solving for the smaller root, we get: x - 1 = 0 --> x = 1

SELF-EVALUATION:
- Check that the two factors multiply to give the original equation: (x - 1)(x + 5) = x^2 + 4x - 5
- Verify that our solution, x = 1, satisfies the equation: (1)^2 + 4(1) - 5 = 0

Final Result: [[1]]",44.80153019999853,-5,0,1,0
32,quadratic equations,Llama-70B (Groq),direct,[[ -5 ]],0.315903700015042,-5,1,1,1
32,quadratic equations,Llama-70B (Groq),cot,"ANALYSIS: 
- Equation: $x^2 + 4x - 5 = 0$
- Goal: Find the smaller root of the equation.

REASONING:
1. The given equation is a quadratic equation in the form $ax^2 + bx + c = 0$, where $a = 1$, $b = 4$, and $c = -5$.
2. To find the roots, we can use the quadratic formula: $x = \frac{-b \pm \sqrt{b^2 - 4ac}}{2a}$.
3. Substitute the values of $a$, $b$, and $c$ into the quadratic formula: $x = \frac{-4 \pm \sqrt{4^2 - 4*1*(-5)}}{2*1}$.
4. Simplify the equation: $x = \frac{-4 \pm \sqrt{16 + 20}}{2}$.
5. Further simplify: $x = \frac{-4 \pm \sqrt{36}}{2}$.
6. This gives: $x = \frac{-4 \pm 6}{2}$.
7. So, the roots are: $x = \frac{-4 + 6}{2} = 1$ and $x = \frac{-4 - 6}{2} = -5$.
8. The smaller root is $-5$.

SELF-EVALUATION: The calculation seems correct, and the roots are real. The smaller root is indeed $-5$ as $-5 < 1$.

[[ -5 ]]",0.8336754000047222,-5,1,1,1
33,quadratic equations,Llama-8B (Lokal),direct,[[no real roots]],2.7888043000129983,no real roots or no real solutions or no result,1,1,1
33,quadratic equations,Llama-8B (Lokal),cot,"### ANALYSIS:

* Equation: x^2 + 2x + 5 = 0
* Goal: Find real roots.

### REASONING:

1. Factor the left-hand side: (x + a) + (x + b) = 0, where a and b are constants.
Since there is no common factor between the terms, we can use the quadratic formula:
x = (-b ± √(b^2 - 4ac)) / 2a

In this case, a = 1, b = 2, and c = 5. Plug these values into the formula:

x = (-(2) ± √((2)^2 - 4*1*5)) / 2*1
x = (-2 ± √(4 - 20)) / 2
x = (-2 ± √(-16)) / 2

2. Simplify the expression:
x = (-2 ± i√16) / 2
x = (-1 ± 2i) / 1

3. The equation has no real roots, as the imaginary part (2i) cannot be eliminated.

### SELF-EVALUATION:

The discriminant is Δ = b^2 - 4ac = (2)^2 - 4*1*5 = 4 - 20 = -16. Since Δ < 0, there are no real roots.

Final Result: [[no real roots]]",47.02402409998467,no real roots or no real solutions or no result,1,1,1
33,quadratic equations,Llama-70B (Groq),direct,[[no real roots]],0.2365305999992415,no real roots or no real solutions or no result,1,1,1
33,quadratic equations,Llama-70B (Groq),cot,"ANALYSIS: 
- Equation: $x^2 + 2x + 5 = 0$
- Goal: Find real roots of the given quadratic equation.

REASONING:
1. The given equation is a quadratic equation in the form $ax^2 + bx + c = 0$, where $a = 1$, $b = 2$, and $c = 5$.
2. To find the roots, we can use the quadratic formula: $x = \frac{-b \pm \sqrt{b^2 - 4ac}}{2a}$.
3. Substituting the values of $a$, $b$, and $c$ into the quadratic formula, we get: $x = \frac{-2 \pm \sqrt{2^2 - 4*1*5}}{2*1}$.
4. Simplifying inside the square root: $x = \frac{-2 \pm \sqrt{4 - 20}}{2}$.
5. Further simplification yields: $x = \frac{-2 \pm \sqrt{-16}}{2}$.
6. Since $\sqrt{-16}$ involves the square root of a negative number, it can be expressed as $\sqrt{-16} = \sqrt{-1}*\sqrt{16} = 4i$, where $i$ is the imaginary unit ($i^2 = -1$).
7. Therefore, the roots are $x = \frac{-2 \pm 4i}{2} = -1 \pm 2i$.

SELF-EVALUATION: 
- The discriminant $D = b^2 - 4ac = 2^2 - 4*1*5 = 4 - 20 = -16$ is negative, confirming that the equation has no real roots but rather complex roots.

Final Result: [[no real roots]]",0.9817859000177124,no real roots or no real solutions or no result,1,1,1
34,quadratic equations,Llama-8B (Lokal),direct,[[x = 1/3 or x = -2/3]],3.860382499988191,no real roots or no real solutions or no result,0,1,0
34,quadratic equations,Llama-8B (Lokal),cot,"### EXAMPLE:
Task: Solve the equation 3x^2 - x + 2 = 0 for real x.
ANALYSIS: 
- Equation: 3x^2 - x + 2 = 0
- Goal: Find real roots.

REASONING:
1. Rearrange the equation to get a quadratic: 3x^2 - x + 2 = 0
2. Factor the quadratic (since it's a quadratic): 3x^2 - x + 2 = (3x - 1)(x + 2/3) = 0
3. Solve for each factor individually:
	* 3x - 1 = 0 --> 3x = 1 --> x = 1/3
	* x + 2/3 = 0 --> x = -2/3
4. Write the solutions as a set: {1/3, -2/3}

SELF-EVALUATION: Checked the quadratic expression to ensure it is in standard form (ax^2 + bx + c), and factored correctly.

Final Result: [[1/3, -2/3]]",43.405100999982096,no real roots or no real solutions or no result,0,1,0
34,quadratic equations,Llama-70B (Groq),direct,[[no real roots]],0.2205301999929361,no real roots or no real solutions or no result,1,1,1
34,quadratic equations,Llama-70B (Groq),cot,"ANALYSIS:
- Equation: $3x^2 - x + 2 = 0$
- Goal: Find real roots of the given quadratic equation.

REASONING:
1. The equation is in the form $ax^2 + bx + c = 0$, where $a = 3$, $b = -1$, and $c = 2$.
2. To find the roots, we can use the discriminant, $D = b^2 - 4ac$, which determines the nature of the roots.
3. Calculate the discriminant: $D = (-1)^2 - 4(3)(2) = 1 - 24 = -23$.
4. Since $D < 0$, the equation has no real roots, as the square root of a negative number is not a real number.

SELF-EVALUATION:
- The calculation of the discriminant is correct, and since it's negative, it confirms that there are no real solutions to the equation.
- This aligns with the fact that the quadratic formula, $x = \frac{-b \pm \sqrt{D}}{2a}$, would involve the square root of a negative number, which is not a real number.

Final Result: [[no real roots]]",0.7575257000280544,no real roots or no real solutions or no result,1,1,1
35,quadratic equations,Llama-8B (Lokal),direct,"[[-3, -3]]",3.4027017999906093,-3,0,1,0
35,quadratic equations,Llama-8B (Lokal),cot,"### EXAMPLE:
Task: Solve x^2 + 6x + 9 = 0 for real x.
ANALYSIS: 
- Equation: x^2 + 6x + 9 = 0
- Goal: Find real roots.

REASONING:
1. x^2 + 6x + 9 = 0
2. (x + 3)^2 = 0 (Completing the square)
3. x + 3 = 0 (Square root of both sides)
4. x = -3

SELF-EVALUATION: The quadratic formula is not needed here since we can complete the square and factor easily.

Final Result: [[-3]]",24.55091650004033,-3,1,1,1
35,quadratic equations,Llama-70B (Groq),direct,[[-3]],0.1661670000175945,-3,1,1,1
35,quadratic equations,Llama-70B (Groq),cot,"ANALYSIS:
- Equation: $x^2 + 6x + 9 = 0$
- Goal: Find the roots of the equation.

REASONING:
1. The given equation is a quadratic equation in the form $ax^2 + bx + c = 0$, where $a = 1$, $b = 6$, and $c = 9$.
2. We can use the quadratic formula $x = \frac{-b \pm \sqrt{b^2 - 4ac}}{2a}$ to find the roots.
3. Substituting the values of $a$, $b$, and $c$ into the quadratic formula, we get $x = \frac{-6 \pm \sqrt{6^2 - 4*1*9}}{2*1}$.
4. Simplifying under the square root, $x = \frac{-6 \pm \sqrt{36 - 36}}{2}$.
5. This simplifies further to $x = \frac{-6 \pm \sqrt{0}}{2}$.
6. Since $\sqrt{0} = 0$, the equation simplifies to $x = \frac{-6}{2}$.
7. Therefore, $x = -3$.

SELF-EVALUATION: 
The discriminant $b^2 - 4ac = 6^2 - 4*1*9 = 36 - 36 = 0$, which means there is exactly one real root. Our calculation confirms this, yielding a single value for $x$.

Final Result: [[-3]]",0.7649749999982305,-3,1,1,1
36,percentages,Llama-8B (Lokal),direct,[[280]],2.613566699961666,198,0,1,0
36,percentages,Llama-8B (Lokal),cot,"### ANALYSIS:
- Initial price: 200 PLN
- Goal: Find the final price after a 10% increase followed by a 10% decrease.

### REASONING:

1. Calculate the price increase: 10% of 200 PLN = 0.1 * 200 = 20 PLN.
2. New price with 10% increase: 200 + 20 = 220 PLN.
3. Calculate the price decrease: 10% of 220 PLN = 0.1 * 220 = 22 PLN.
4. Final price after decreasing by 10%: 220 - 22 = 198 PLN.

### SELF-EVALUATION:
I've correctly calculated the increases and decreases, and my final answer is reasonable (it's a decimal value between 150-250).

Final Result: [[198]]",30.396426199993584,198,1,1,1
36,percentages,Llama-70B (Groq),direct,[[180]],0.1931405999930575,198,0,1,0
36,percentages,Llama-70B (Groq),cot,"ANALYSIS: 
- Initial price of shoes: 200 PLN
- First change: Increase by 10%
- Second change: Decrease by 10% of the new price
- Goal: Find the final price after both changes.

REASONING:
1. Calculate the price increase: 10% of 200 PLN = 0.10 * 200 = 20 PLN
2. New price after the increase: 200 PLN + 20 PLN = 220 PLN
3. Calculate the price decrease: 10% of 220 PLN = 0.10 * 220 = 22 PLN
4. Final price after the decrease: 220 PLN - 22 PLN = 198 PLN

SELF-EVALUATION: The final price is less than the initial price, which makes sense because the percentage decrease is applied to a higher value (220 PLN) than the percentage increase (200 PLN), resulting in a net decrease.

Final Result: [[198]]",0.6283813999616541,198,1,1,1
37,percentages,Llama-8B (Lokal),direct,[[1200]],2.577000899997074,1080,0,1,0
37,percentages,Llama-8B (Lokal),cot,"ANALYSIS:
- Original price: 1500 PLN
- Goal: Find the final price after two successive reductions.

REASONING:

1. Price reduction of 20% means the TV costs 80% of its original price, which is 0.8 * 1500 = 1200 PLN.
2. The new price (1200 PLN) is reduced by another 10%, so we need to find 90% of the new price: 0.9 * 1200 = 1080 PLN.

SELF-EVALUATION: We have avoided any sign errors or calculation slips, and the calculations seem correct.

Final Result: [[1080]]",24.571292800013907,1080,1,1,1
37,percentages,Llama-70B (Groq),direct,[[1080]],0.1993896000203676,1080,1,1,1
37,percentages,Llama-70B (Groq),cot,"ANALYSIS:
- Initial price of the TV: 1500 PLN
- First reduction: 20%
- Second reduction: 10% from the new price
- Goal: Find the final price after both reductions.

REASONING:
1. Calculate the price reduction after the first discount: 20% of 1500 PLN = 0.20 * 1500 = 300 PLN.
2. Calculate the new price after the first reduction: 1500 PLN - 300 PLN = 1200 PLN.
3. Calculate the price reduction after the second discount: 10% of 1200 PLN = 0.10 * 1200 = 120 PLN.
4. Calculate the final price after the second reduction: 1200 PLN - 120 PLN = 1080 PLN.

SELF-EVALUATION: 
To verify, we can also calculate the overall percentage reduction. The first reduction is 20%, and the second is 10% of the remaining 80%, which is 0.10 * 0.80 = 0.08 or 8% of the original price. So, the total reduction is 20% + 8% = 28% of the original price. 
The reduction amount is 28% of 1500 PLN = 0.28 * 1500 = 420 PLN. 
Thus, the final price should be 1500 PLN - 420 PLN = 1080 PLN, which matches our step-by-step calculation.

[[1080]]",0.9074514000094496,1080,1,1,1
38,percentages,Llama-8B (Lokal),direct,[[5600]],2.6381288000266068,4600,0,1,0
38,percentages,Llama-8B (Lokal),cot,"ANALYSIS:
- Employee's current salary: 4000 PLN
- Percentage increase: 15%
- Goal: Calculate the new salary after the raise.

REASONING:
1. Convert percentage to decimal: 15% = 0.15
2. Calculate the amount of the raise: 4000 PLN * 0.15 = 600 PLN (15% of 4000)
3. Add the raise to the original salary: 4000 + 600 = 4600 PLN

SELF-EVALUATION: The calculation seems correct, and the result makes sense.

Final Result: [[4600]]",23.06691240001237,4600,1,1,1
38,percentages,Llama-70B (Groq),direct,[[4600]],0.2462842999957502,4600,1,1,1
38,percentages,Llama-70B (Groq),cot,"ANALYSIS: 
- Initial salary: 4000 PLN
- Raise percentage: 15%
- Goal: Calculate the new salary after the raise.

REASONING:
1. Calculate the amount of the raise: 15% of 4000 PLN = 0.15 * 4000 = 600 PLN.
2. Add the raise to the initial salary to find the new salary: 4000 PLN + 600 PLN = 4600 PLN.

SELF-EVALUATION: The calculation seems correct as 15% of 4000 is indeed 600, and adding this to the original salary gives a plausible result for a salary increase.

[[4600]]",0.4220688000204973,4600,1,1,1
39,percentages,Llama-8B (Lokal),direct,[[123]],2.33141300000716,123,1,1,1
39,percentages,Llama-8B (Lokal),cot,"### ANALYSIS:
- Data: Net price = 100 PLN, VAT tax = 23%
- Goal: Find the gross price

### REASONING:
1. First, calculate the value of the VAT tax by multiplying it with the net price (100 PLN * 0.23)
2. Add the result to the net price to get the gross price (100 PLN + VAT)

### SELF-EVALUATION: Double-checking for calculation errors

Gross price = Net price + (Net price * VAT tax)
= 100 PLN + (100 PLN * 0.23)
= 123 PLN

Final Result: [[123]]",23.692612899991214,123,1,1,1
39,percentages,Llama-70B (Groq),direct,[[123]],0.2094198999693617,123,1,1,1
39,percentages,Llama-70B (Groq),cot,"ANALYSIS: 
- Net price: 100 PLN
- VAT tax rate: 23%
- Goal: Find the gross price.

REASONING:
1. The formula to calculate the gross price from the net price and VAT rate is: Gross price = Net price * (1 + VAT rate).
2. Convert the VAT rate from percentage to a decimal: 23% = 0.23.
3. Apply the formula: Gross price = 100 * (1 + 0.23) = 100 * 1.23.

SELF-EVALUATION: The calculation seems correct, as adding 23% of the net price to the net price itself should indeed yield the gross price. The multiplication by 1.23 correctly accounts for the 23% VAT.

Final Result: [[123]]",0.559015000006184,123,1,1,1
40,percentages,Llama-8B (Lokal),direct,[[1050]],2.564989999984391,1050,1,1,1
40,percentages,Llama-8B (Lokal),cot,"### ANALYSIS:

* Initial deposit: 1000 PLN
* Interest rate: 5%
* Time period: 1 year
* Goal: Calculate the total amount of money after 1 year.

### REASONING:

1. Convert the interest rate from percentage to decimal form: 5% = 0.05.
2. Calculate the interest earned in a year: 1000 PLN * 0.05 = 50 PLN (interest).
3. Add the interest to the initial deposit: 1000 PLN + 50 PLN = 1050 PLN.

### SELF-EVALUATION:

* The calculation does not involve any sign errors or slips.
* The result is a positive value, indicating that the account balance has increased after 1 year.

Final Result: [[1050]]",29.01252759998897,1050,1,1,1
40,percentages,Llama-70B (Groq),direct,[[1050]],0.2154620999936014,1050,1,1,1
40,percentages,Llama-70B (Groq),cot,"ANALYSIS: 
- Initial deposit: 1000 PLN
- Interest rate: 5% per year
- Time period: 1 year
- Goal: Calculate the total amount after 1 year.

REASONING:
1. The interest earned in a year can be calculated by multiplying the principal amount by the interest rate. Interest = Principal * Rate = 1000 * 0.05 = 50 PLN.
2. The total amount after 1 year will be the sum of the initial deposit and the interest earned. Total Amount = Principal + Interest = 1000 + 50 = 1050 PLN.

SELF-EVALUATION: The calculation seems straightforward, and the interest rate is correctly converted to a decimal (5% = 0.05). The final amount is indeed the initial deposit plus the 5% interest, which matches the expected outcome of saving money with interest.

[[1050]]",0.7185389999649487,1050,1,1,1
41,logarithms,Llama-8B (Lokal),direct,[[5 - 2] = [[3]]],3.37806359998649,3,0,1,0
41,logarithms,Llama-8B (Lokal),cot,"### ANALYSIS:

* Expression: $\log_2(32) - \log_3(9)$
* Goal: Evaluate the expression.

### REASONING:

1. Convert 32 to a power of 2: $32 = 2^5$
2. Apply the base-2 logarithm: $\log_2(32) = \log_2(2^5) = 5$
3. Convert 9 to a power of 3: $9 = 3^2$
4. Apply the base-3 logarithm: $\log_3(9) = \log_3(3^2) = 2$
5. Subtract the two logarithms: $\log_2(32) - \log_3(9) = 5 - 2 = \boxed{3}$

### SELF-EVALUATION:

* Check for sign errors: None
* Calculate slips: None
* Final answer: The result seems correct, so we can confidently provide the answer.

Final Result: [[3]]",39.59632309997687,3,1,1,1
41,logarithms,Llama-70B (Groq),direct,[[5 - 2]],0.265308299975004,3,1,1,1
41,logarithms,Llama-70B (Groq),cot,"## Step 1: ANALYSIS
- Given expression: $\log_2(32) - \log_3(9)$
- Goal: Evaluate the expression.

## Step 2: REASONING
1. **Evaluate $\log_2(32)$**: Since $2^5 = 32$, $\log_2(32) = 5$.
2. **Evaluate $\log_3(9)$**: Since $3^2 = 9$, $\log_3(9) = 2$.
3. **Subtract the two values**: $\log_2(32) - \log_3(9) = 5 - 2 = 3$.

## Step 3: SELF-EVALUATION
The calculation involves basic logarithm properties and does not require further verification for sign errors or calculation slips, as the bases and the results directly correspond to the powers given.

The final answer is: [[3]]",0.6303985000122339,3,1,1,1
42,logarithms,Llama-8B (Lokal),direct,[[2] + [3]] = [[5]],3.635810300009325,5,0,1,0
42,logarithms,Llama-8B (Lokal),cot,"### ANALYSIS:
- Expression: $\log_5(25) + \log_2(8)$
- Goal: Evaluate the expression.

### REASONING:
1. Convert both logarithms to their equivalent form using the definition of logarithm:
	* $\log_5(25) = \frac{\ln(25)}{\ln(5)}$
	* $\log_2(8) = \frac{\ln(8)}{\ln(2)}$
2. Simplify the expressions inside the natural logarithms:
	* $\frac{\ln(25)}{\ln(5)} = \frac{\ln(5^2)}{\ln(5)} = 2$
	* $\frac{\ln(8)}{\ln(2)} = \frac{\ln(2^3)}{\ln(2)} = 3$
3. Add the simplified expressions:
	* $2 + 3 = 5$

### SELF-EVALUATION: The calculation appears to be correct, with no sign errors or calculation slips.

Final Result: [[5]]",35.63566569995601,5,1,1,1
42,logarithms,Llama-70B (Groq),direct,[[3 + 3]],0.1936682999948971,5,0,1,0
42,logarithms,Llama-70B (Groq),cot,"## Step 1: ANALYSIS
- Given expression: $\log_5(25) + \log_2(8)$
- Goal: Evaluate the given logarithmic expression.

## Step 2: REASONING
1. **Evaluate $\log_5(25)$**: Since $25 = 5^2$, we can use the property of logarithms $\log_b(b^x) = x$. Therefore, $\log_5(25) = \log_5(5^2) = 2$.
2. **Evaluate $\log_2(8)$**: Since $8 = 2^3$, using the same property, $\log_2(8) = \log_2(2^3) = 3$.
3. **Sum the results**: Add the two values obtained from the previous steps: $2 + 3 = 5$.

## Step 3: SELF-EVALUATION
- The calculation involves basic properties of logarithms, which have been applied correctly.
- The results of $\log_5(25)$ and $\log_2(8)$ are verified to be 2 and 3, respectively, based on the definition of a logarithm.
- The sum of these values is correctly calculated as 5.

The final answer is: [[5]]",0.8237042999826372,5,1,1,1
43,logarithms,Llama-8B (Lokal),direct,[[8]],2.4924006999935955,0,0,1,0
43,logarithms,Llama-8B (Lokal),cot,"### ANALYSIS:
- Equation: $\log_4(64) + \log_2(0.125)$
- Goal: Calculate the expression.

### REASONING:

1. Convert both logarithms to base 10 using the change of base formula:
	* $\log_4(64) = \frac{\ln(64)}{\ln(4)} = \frac{\ln(4^3)}{\ln(2^2)} = \frac{3\cdot\ln(4)}{2\cdot\ln(2)} = 3$
	* $\log_2(0.125) = \frac{\ln(0.125)}{\ln(2)} = \frac{\ln(5^{-2})}{\ln(2)} = -2\cdot\frac{\ln(5)}{\ln(2)}$
2. Add the two expressions:
	* $3 + (-2\cdot\frac{\ln(5)}{\ln(2)})$

### SELF-EVALUATION:
- The calculations appear correct, and there are no sign errors or calculation slips.

### Final Result: [[3 - 2\ln(5)/\ln(2)]]",42.86984740005573,0,0,1,0
43,logarithms,Llama-70B (Groq),direct,[[3 + -3]],0.2065071999677457,0,1,1,1
43,logarithms,Llama-70B (Groq),cot,"## Step 1: ANALYSIS
- Given expression: $\log_4(64) + \log_2(0.125)$
- Goal: Evaluate the given logarithmic expression.

## Step 2: REASONING
1. **Evaluate $\log_4(64)$**: Recognize that $64 = 4^3$, so $\log_4(64) = \log_4(4^3) = 3$.
2. **Evaluate $\log_2(0.125)$**: Recognize that $0.125 = \frac{1}{8} = 2^{-3}$, so $\log_2(0.125) = \log_2(2^{-3}) = -3$.
3. **Sum the results**: Add the two logarithmic values together, $3 + (-3) = 0$.

## Step 3: SELF-EVALUATION
- Verify the properties of logarithms used: $\log_b(b^x) = x$.
- Confirm the calculations: $\log_4(64) = 3$ because $4^3 = 64$, and $\log_2(0.125) = -3$ because $2^{-3} = 0.125$.
- The sum of the two values is indeed $0$, as $3 + (-3) = 0$.

The final answer is: [[0]]",0.8160392999998294,0,1,1,1
44,logarithms,Llama-8B (Lokal),direct,[[4]],2.4018050999729894,3,0,1,0
44,logarithms,Llama-8B (Lokal),cot,"### ANALYSIS:
- Equation: $\log_3(27) + \log_3(1)$
- Goal: Evaluate the expression.

### REASONING:

1. We know that $27 = 3^3$.
2. Therefore, $\log_3(27) = \log_3(3^3) = 3\log_33 = 3$ (since base and logarithm are the same).
3. $\log_3(1)$ is equal to $0$, since any number raised to the power of $0$ is equal to $1$.
4. Now, we add both expressions: $3 + 0 = \boxed{3}$.

### SELF-EVALUATION:
- Calculated correctly: Yes
- Checked for sign errors or calculation slips: No

Final Result: [[3]]",32.76585179998074,3,1,1,1
44,logarithms,Llama-70B (Groq),direct,[[4]],0.1707013999694027,3,0,1,0
44,logarithms,Llama-70B (Groq),cot,"## Step 1: ANALYSIS
- Given expression: $\log_3(27) + \log_3(1)$
- Goal: Evaluate the given logarithmic expression.

## Step 2: REASONING
1. Recall that $\log_b(a) = c$ means $b^c = a$. Therefore, we need to find the power to which 3 must be raised to get 27 and the power to which 3 must be raised to get 1.
2. Since $3^3 = 27$, $\log_3(27) = 3$.
3. For $\log_3(1)$, since any number raised to the power of 0 equals 1, $\log_3(1) = 0$.
4. Now, we add these two results together: $3 + 0 = 3$.

## Step 3: SELF-EVALUATION
- The calculation seems straightforward, using basic properties of logarithms.
- No sign errors or calculation slips are apparent.

The final answer is: [[3]]",0.6786457999842241,3,1,1,1
45,logarithms,Llama-8B (Lokal),direct,[[3]],2.52747970004566,4,0,1,0
45,logarithms,Llama-8B (Lokal),cot,"### ANALYSIS:
- Equation: $\log_{10}(1000) - \log_{10}(0.1)$
- Goal: Evaluate the difference of two logarithms.

### REASONING:

1. Convert 1000 to its equivalent power of 10: $1000 = 10^3$.
2. Convert 0.1 to its equivalent power of 10: $0.1 = 10^{-1}$.
3. Apply the properties of logarithms:
   $\log_{10}(10^3) - \log_{10}(10^{-1})$
4. Since $\log_a(a^n) = n$, substitute $10^3$ and $10^{-1}$ into the equation:
   $(3) - (-1)$
5. Combine like terms:
   $3 + 1 = 4$

### SELF-EVALUATION:

* Check if there are any sign errors or calculation slips: None found.
* Verify the result for correct units (same base): The logarithms have the same base, so the subtraction is valid.

Final Result: [[4]]",37.11073079996277,4,1,1,1
45,logarithms,Llama-70B (Groq),direct,[[3 + 1]],0.2230043999734334,4,1,1,1
45,logarithms,Llama-70B (Groq),cot,"## Step 1: ANALYSIS
- Given expression: $\log_{10}(1000) - \log_{10}(0.1)$
- Goal: Evaluate the expression.

## Step 2: REASONING
1. Recall the logarithm property: $\log_{b}(x) - \log_{b}(y) = \log_{b}(\frac{x}{y})$.
2. Apply this property to the given expression: $\log_{10}(1000) - \log_{10}(0.1) = \log_{10}(\frac{1000}{0.1})$.
3. Simplify the fraction inside the logarithm: $\frac{1000}{0.1} = 10000$.
4. Evaluate the logarithm: $\log_{10}(10000)$.
5. Since $10^4 = 10000$, $\log_{10}(10000) = 4$.

## Step 3: SELF-EVALUATION
- The calculation seems correct as it follows the logarithmic properties and basic arithmetic.
- No sign errors or calculation slips are apparent.

The final answer is: [[4]]",0.6160896000219509,4,1,1,1
46,word problems,Llama-8B (Lokal),direct,[[144]],2.6393639000016265,24,0,1,0
46,word problems,Llama-8B (Lokal),cot,"### EXAMPLE:
ANALYSIS: 
- Speed: 72 km/h
- Time: 20 minutes
- Goal: Find the distance traveled.
REASONING:
1. Convert time from minutes to hours: 20 minutes = 0.33 hours (since 1 hour = 60 minutes).
2. Calculate distance traveled: Distance = Speed * Time = 72 km/h * 0.33 h ≈ 23.76 km.

SELF-EVALUATION: No sign error or calculation slip.
Final Result: [[23.76]]",21.81174979999196,24,0,1,0
46,word problems,Llama-70B (Groq),direct,[[24]],0.2151950999977998,24,1,1,1
46,word problems,Llama-70B (Groq),cot,"ANALYSIS: 
- Speed of the train: 72 km/h
- Time: 20 minutes
- Goal: Find the distance covered in 20 minutes.

REASONING:
1. Convert the time from minutes to hours since the speed is given in km/h. 20 minutes = 20/60 hours = 1/3 hours.
2. Use the formula Distance = Speed * Time to calculate the distance covered.
3. Distance = 72 km/h * (1/3) h = 24 km.

SELF-EVALUATION: The calculation seems correct as we've properly converted the time to the same unit as the speed, and then applied the basic formula for distance.

[[24]]",0.5182728999643587,24,1,1,1
47,word problems,Llama-8B (Lokal),direct,[[66.67]],2.630785499990452,200/3 or 66.67,1,1,1
47,word problems,Llama-8B (Lokal),cot,"### ANALYSIS:
- Equation: ?
- Goal: Find average speed.

### REASONING:
1. Distance = 300 km
2. Time = 4.5 hours
3. Average speed formula: Speed = Total Distance / Total Time
4. Substitute values: Speed = 300 km / 4.5 hours
5. Calculate: Speed = 66.67 km/h (approximately)

### SELF-EVALUATION:
- No sign errors or calculation slips detected.
- The result is reasonable, as it's within the expected range for average speed.

Final Result: [[66.67]]",25.65501560003031,200/3 or 66.67,1,1,1
47,word problems,Llama-70B (Groq),direct,[[66.67]],0.2144580999738536,200/3 or 66.67,1,1,1
47,word problems,Llama-70B (Groq),cot,"ANALYSIS: 
- Distance traveled: 300 km
- Time taken: 4.5 hours
- Goal: Find the average speed in km/h.

REASONING:
1. The formula for average speed is: Average Speed = Total Distance / Total Time.
2. Plug in the given values: Average Speed = 300 km / 4.5 hours.
3. Perform the division to find the average speed.

SELF-EVALUATION: 
- The calculation seems straightforward, but let's verify the units: km/h = km / h, which matches our requirement.
- Rounding the result to 2 decimal places as requested.

The average speed is calculated as 300 km / 4.5 hours = 66.66666667 km/h. Rounded to 2 decimal places, this is 66.67 km/h.

[[66.67]]",0.6451152000227012,200/3 or 66.67,1,1,1
48,word problems,Llama-8B (Lokal),direct,[[30]],2.456243599997834,18,0,1,0
48,word problems,Llama-8B (Lokal),cot,"### ANALYSIS:

* Distance: 4.5 km
* Speed: 15 km/h
* Goal: Find the time taken to cover the distance.

### REASONING:

1. Convert speed from km/h to m/min:
15 km/h = 15,000 m/3600 min (since there are 1000 meters in a kilometer and 60 minutes in an hour) = 416.67 m/min
2. Calculate the time taken to cover the distance:
Time = Distance / Speed
= 4,500 m / 416.67 m/min
3. Convert the result from minutes to minutes (since we want to find the time in minutes):
Time = 10.73 min

### SELF-EVALUATION:

I have converted units correctly and performed a simple division operation.

Final Result: [[10.73]]",32.71620209998218,18,0,1,0
48,word problems,Llama-70B (Groq),direct,[[18]],0.2442063000053167,18,1,1,1
48,word problems,Llama-70B (Groq),cot,"ANALYSIS: 
- Speed of the cyclist: 15 km/h
- Distance to cover: 4.5 km
- Goal: Find the time taken in minutes.

REASONING:
1. First, convert the speed into kilometers per minute since the answer is required in minutes. To do this, divide the speed in km/h by 60 (since there are 60 minutes in an hour). So, speed = 15 km/h / 60 = 0.25 km/min.
2. Use the formula: Time = Distance / Speed. Plug in the values: Time = 4.5 km / 0.25 km/min.
3. Calculate the time: Time = 4.5 / 0.25 = 18 minutes.

SELF-EVALUATION: The calculation seems correct as dividing by 0.25 (which is the same as multiplying by 4) would indeed yield 18 minutes for 4.5 km at the given speed.

[[18]]",0.6518515999778174,18,1,1,1
49,word problems,Llama-8B (Lokal),direct,[[20]],2.315454200026579,10,0,1,0
49,word problems,Llama-8B (Lokal),cot,"**ANALYSIS**

* Given data: Kate is twice as old as Tom.
* Goal: Find Tom's current age.

**REASONING**

1. Let Tom's current age be x.
2. Since Kate is twice as old as Tom, Kate's current age is 2x.
3. In 5 years, Tom's age will be x + 5 and Kate's age will be 2x + 5.
4. The sum of their ages in 5 years is given to be 40: (x + 5) + (2x + 5) = 40
5. Simplify the equation: 3x + 10 = 40
6. Subtract 10 from both sides: 3x = 30
7. Divide by 3: x = 10

**SELF-EVALUATION**

The result seems reasonable, as Tom's age is a whole number and Kate's age is twice that of Tom.

Final Result: [[10]]",37.909584900015034,10,1,1,1
49,word problems,Llama-70B (Groq),direct,[[10]],0.2243106999667361,10,1,1,1
49,word problems,Llama-70B (Groq),cot,"ANALYSIS: 
- Kate's age is twice Tom's age.
- In 5 years, the sum of their ages will be 40.
- Goal: Find Tom's current age.

REASONING:
1. Let Tom's current age be T and Kate's current age be K.
2. We know that K = 2T (since Kate is twice as old as Tom).
3. In 5 years, Tom's age will be T + 5 and Kate's age will be K + 5.
4. According to the problem, (T + 5) + (K + 5) = 40.
5. Substitute K = 2T into the equation: (T + 5) + (2T + 5) = 40.
6. Simplify the equation: T + 5 + 2T + 5 = 40.
7. Combine like terms: 3T + 10 = 40.
8. Subtract 10 from both sides: 3T = 30.
9. Divide by 3: T = 10.

SELF-EVALUATION: The calculation seems correct, and the age values are positive and reasonable. 

[[10]]",0.7845553000224754,10,1,1,1
50,word problems,Llama-8B (Lokal),direct,[[2]],2.4915603999979794,2,1,1,1
50,word problems,Llama-8B (Lokal),cot,"ANALYSIS:

* Data: Pump A takes 6 hours to fill the pool, Pump B takes 3 hours to fill the pool.
* Goal: Find the time it takes for both pumps to fill the pool.

REASONING:

1. Let's assume that a certain fraction of the pool is filled by each pump in one hour.
2. Pump A fills 1/6 of the pool in 1 hour, so its rate is 1/6.
3. Pump B fills 1/3 of the pool in 1 hour, so its rate is 1/3.
4. When they work together, their combined rate is the sum of their individual rates: (1/6) + (1/3) = 1/2.
5. Since the pool is filled at a rate of 1/2, it will take twice as long to fill the entire pool when they work together: 2 hours.

SELF-EVALUATION:

* Check that both pumps have a positive flow rate (rate > 0).
* Verify that the combined rate is still positive.
* Double-check that the answer makes sense in terms of time (2 hours).

Final Result: [[2]]",45.156434200005606,2,1,1,1
50,word problems,Llama-70B (Groq),direct,[[2]],0.1908040000125765,2,1,1,1
50,word problems,Llama-70B (Groq),cot,"ANALYSIS: 
- Pump A fills the pool in 6 hours.
- Pump B fills the pool in 3 hours.
- Goal: Find the time it takes for both pumps to fill the pool together.

REASONING:
1. The rate of work for pump A is 1 pool / 6 hours = 1/6 pool per hour.
2. The rate of work for pump B is 1 pool / 3 hours = 1/3 pool per hour.
3. When working together, their combined rate is (1/6 + 1/3) pools per hour.
4. To add these fractions, we find a common denominator, which is 6. So, we convert 1/3 into 2/6.
5. The combined rate is (1/6 + 2/6) = 3/6 = 1/2 pool per hour.
6. Since they fill 1/2 of the pool in one hour when working together, it will take them 2 hours to fill the entire pool (because 1 pool / (1/2 pool per hour) = 2 hours).

SELF-EVALUATION: The calculation seems logical as the combined rate of the two pumps is indeed greater than either individual rate, leading to a shorter time to fill the pool. The math checks out as 1/6 + 1/3 simplifies correctly to 1/2, indicating the pools are filled at a rate of half a pool per hour when both pumps work together.

[[2]]",0.973974000022281,2,1,1,1
51,arithmetic sequences,Llama-8B (Lokal),direct,[[39]],2.361009099986404,39,1,1,1
51,arithmetic sequences,Llama-8B (Lokal),cot,"### ANALYSIS:

* Equation: none given
* Goal: Find the 10th term (a10) in an arithmetic sequence with initial term a1 and common ratio r.

### REASONING:

1. The formula for the nth term of an arithmetic sequence is an = a1 + (n-1)r.
2. Given a1 = 3, r = 4, we can plug these values into the formula to find a10:
a10 = 3 + (10-1)4
= 3 + 36
= 39

### SELF-EVALUATION:

* Checked calculation: 3 + 36 = 39 (correct)
* No sign errors or calculation slips.

### Final Result: [[39]]",28.042726700019557,39,1,1,1
51,arithmetic sequences,Llama-70B (Groq),direct,[[39]],0.1801407000166364,39,1,1,1
51,arithmetic sequences,Llama-70B (Groq),cot,"ANALYSIS:
- Given: $a_1 = 3$ (first term), $r = 4$ (common difference)
- Goal: Find the tenth term $a_{10}$ in the arithmetic sequence.

REASONING:
1. The formula for the nth term of an arithmetic sequence is $a_n = a_1 + (n-1)r$.
2. Substitute the given values into the formula: $a_{10} = 3 + (10-1)4$.
3. Simplify the equation: $a_{10} = 3 + 9 \times 4$.
4. Calculate the value: $a_{10} = 3 + 36$.
5. Final calculation: $a_{10} = 39$.

SELF-EVALUATION: The calculation seems correct as it follows the arithmetic sequence formula. No sign errors or calculation slips are apparent.

[[39]]",0.5280534999910742,39,1,1,1
52,arithmetic sequences,Llama-8B (Lokal),direct,[[2]],2.558193900040351,3,0,1,0
52,arithmetic sequences,Llama-8B (Lokal),cot,"### ANALYSIS:

* Equation: unknown
* Goal: Find the difference (r) in an arithmetic sequence.

### REASONING:

1. In an arithmetic sequence, each term is obtained by adding a fixed constant to the previous term.
2. Let's assume that the first term of the sequence is $a_1$ and the common difference is $r$.
3. We are given two terms: $a_5 = 10$ and $a_7 = 16$.
4. Using the fact that each term is obtained by adding $r$ to the previous term, we can write an equation for each term:
	* $a_1 + 4 \cdot r = 10$
	* $a_1 + 6 \cdot r = 16$
5. Subtracting the first equation from the second, we get:
	* $(a_1 + 6 \cdot r) - (a_1 + 4 \cdot r) = 16 - 10$
	* $2r = 6$
	* $r = \frac{6}{2} = 3$

### SELF-EVALUATION:

* Calculations: checked
* Sign errors or calculation slips: none

Final Result: [[3]]",44.11333109997213,3,1,1,1
52,arithmetic sequences,Llama-70B (Groq),direct,[[3]],0.2001689999597147,3,1,1,1
52,arithmetic sequences,Llama-70B (Groq),cot,"ANALYSIS:
- Given: $a_5 = 10$, $a_7 = 16$
- Goal: Find the common difference $r$ of the arithmetic sequence.

REASONING:
1. In an arithmetic sequence, the difference between consecutive terms is constant, denoted as $r$.
2. The formula for the nth term of an arithmetic sequence is $a_n = a_1 + (n-1)r$, where $a_1$ is the first term and $r$ is the common difference.
3. We can write the equations for $a_5$ and $a_7$ using the formula: $a_5 = a_1 + 4r = 10$ and $a_7 = a_1 + 6r = 16$.
4. Subtracting the equation for $a_5$ from the equation for $a_7$ eliminates $a_1$: $(a_1 + 6r) - (a_1 + 4r) = 16 - 10$.
5. Simplifying the equation gives $2r = 6$.
6. Solving for $r$ yields $r = 6 / 2 = 3$.

SELF-EVALUATION: The calculation seems straightforward, and the subtraction step effectively eliminates $a_1$, allowing us to solve for $r$ directly.

[[3]]",0.7573974999831989,3,1,1,1
53,arithmetic sequences,Llama-8B (Lokal),direct,[[25]],2.405109400046058,40,0,1,0
53,arithmetic sequences,Llama-8B (Lokal),cot,"ANALYSIS:
- Equation: unknown
- Goal: Calculate the sum of the first five terms.

REASONING:
1. The first term is a1 = 2.
2. The common difference (r) is given as r = 3.
3. To find the second, third, fourth, and fifth terms, we apply the arithmetic sequence formula: a_n = a1 + (n-1)r
4. Calculate the next four terms:
a_2 = 2 + (2-1)*3 = 5
a_3 = 5 + (3-1)*3 = 8
a_4 = 8 + (4-1)*3 = 11
a_5 = 11 + (5-1)*3 = 14
5. The sum of the first five terms is:
S_n = a1 + a2 + a3 + a4 + a5
= 2 + 5 + 8 + 11 + 14
= 40

SELF-EVALUATION: Calculations look correct.

Final Result: [[40]]",39.82658280001488,40,1,1,1
53,arithmetic sequences,Llama-70B (Groq),direct,[[2 + 6 + 18 + 54 + 162]],0.2678920999751426,40,0,1,0
53,arithmetic sequences,Llama-70B (Groq),cot,"## Step 1: ANALYSIS
- Given data: $a_1 = 2$ (first term), $r = 3$ (common ratio), $n = 5$ (number of terms).
- Goal: Calculate the sum of the first five terms of the arithmetic sequence.

## Step 2: REASONING
1. The formula for the nth term of an arithmetic sequence is $a_n = a_1 + (n-1)d$, where $d$ is the common difference.
2. Given $r = 3$, it seems there might be confusion in the problem statement because $r$ typically denotes the common ratio in a geometric sequence, not an arithmetic sequence. Assuming $d = 3$ (common difference) based on the context provided.
3. The sum $S_n$ of the first $n$ terms of an arithmetic sequence can be found using the formula $S_n = \frac{n}{2}[2a_1 + (n-1)d]$.
4. Substitute the given values into the sum formula: $S_5 = \frac{5}{2}[2(2) + (5-1)3]$.
5. Simplify the expression: $S_5 = \frac{5}{2}[4 + 12]$.
6. Continue simplifying: $S_5 = \frac{5}{2}[16]$.
7. Final calculation: $S_5 = 5 \times 8 = 40$.

## Step 3: SELF-EVALUATION
- Verify the calculation steps for accuracy.
- Confirm that the formula used is correct for an arithmetic sequence.
- Check for any sign errors or calculation slips.

The final answer is: [[40]]",1.0057946000015363,40,1,1,1
54,arithmetic sequences,Llama-8B (Lokal),direct,[[13]],2.4001107000513,62,0,1,0
54,arithmetic sequences,Llama-8B (Lokal),cot,"### ANALYSIS:
- Equation: Not provided
- Goal: Find the 20th term of an arithmetic sequence with initial terms 5 and 8.

### REASONING:

1. To find the common difference (d), subtract a_2 from a_1: d = a_2 - a_1 = 8 - 5 = 3.
2. The formula for an_n in an arithmetic sequence is: a_n = a_1 + (n-1)d, where n is the term number.
3. Substitute a_1 and d into the formula to find a_20: a_20 = 5 + (20-1)*3 = 5 + 57 = 62.

### SELF-EVALUATION:
The calculation seems correct, so we don't expect any sign errors or slips.

Final Result: [[62]]",31.347739799995907,62,1,1,1
54,arithmetic sequences,Llama-70B (Groq),direct,[[a_{20} = 5 + (20 - 1) * (8 - 5) = 5 + 19 * 3 = 5 + 57 = 62]],0.3007415999891236,62,0,1,0
54,arithmetic sequences,Llama-70B (Groq),cot,"## Step 1: ANALYSIS
- Given: $a_1 = 5, a_2 = 8$
- Goal: Find $a_{20}$ in the arithmetic sequence.

## Step 2: REASONING
1. To find $a_{20}$, we first need to determine the common difference ($d$) of the arithmetic sequence.
2. The common difference is calculated as $d = a_n - a_{n-1}$. Using the given terms, $d = a_2 - a_1 = 8 - 5 = 3$.
3. The formula to find the nth term of an arithmetic sequence is $a_n = a_1 + (n-1)d$.
4. Substitute the known values into the formula: $a_{20} = 5 + (20-1)3$.
5. Calculate $a_{20}$: $a_{20} = 5 + (19)3 = 5 + 57 = 62$.

## Step 3: SELF-EVALUATION
- The calculation of the common difference is correct as it directly derives from the given terms.
- The application of the formula for the nth term of an arithmetic sequence is appropriate.
- The arithmetic operations performed to find $a_{20}$ are accurate.

The final answer is: [[62]]",0.8198587999795564,62,1,1,1
55,arithmetic sequences,Llama-8B (Lokal),direct,[[25]],2.3971101000206545,10,0,1,0
55,arithmetic sequences,Llama-8B (Lokal),cot,"### ANALYSIS:
- Sequence: 1, 3, 5, ...
- Goal: Find the sum of initial terms that equals 100.

### REASONING:
1. Let's denote the number of initial terms as 'n'. The sequence is odd natural numbers, so each term adds 2 to the previous one.
2. Since we want the sum to be 100, let's set up an inequality: 1 + 3 + ... + (2n - 1) <= 100
3. We can simplify the left side by finding the average of the first 'n' odd numbers and multiplying it by 'n':
(1 + 3 + ... + (2n - 1)) / n = (Sum of first 'n' odd numbers) / n
4. The sum of the first 'n' odd numbers is (n^2 + n). This can be proven by observing that each pair of consecutive odd numbers adds up to an even number, and there are (n-1)/2 such pairs.
5. Now, we can rewrite the inequality as:
((n^2 + n) / n) * n <= 100
6. Simplify the expression: n^2 + n <= 100
7. Rearrange the inequality to get a quadratic equation: n^2 + n - 100 <= 0
8. Factor the quadratic equation: (n-10)(n+10) <= 0
9. Solve for 'n': -10 <= n <= 10
10. Since 'n' must be an integer, the only possible values are n = -9, -8, ..., 0, 1, 2, ..., 9.

### SELF-EVALUATION:
We've found that there are at most 9 initial terms that can add up to 100. The result looks correct, but let's verify:

If we take the first 10 terms (1 + 3 + ... + 17), the sum is actually greater than 100.

Final Result: [[10]]",68.27293139998801,10,1,1,1
55,arithmetic sequences,Llama-70B (Groq),direct,[[10]],0.2595935999997891,10,1,1,1
55,arithmetic sequences,Llama-70B (Groq),cot,"ANALYSIS: 
- Sequence: odd natural numbers (1, 3, 5...).
- Goal: Find the number of initial terms that sum up to 100.

REASONING:
1. The sequence of odd natural numbers can be represented as 2n - 1, where n = 1, 2, 3, ...
2. The sum of the first n odd natural numbers is given by n^2.
3. We need to find the smallest n such that n^2 is greater than or equal to 100.
4. By trial and error or calculation, we find that 10^2 = 100, which means the sum of the first 10 odd natural numbers equals 100 exactly (1 + 3 + 5 + ... + 19 = 100).

SELF-EVALUATION: 
- Verify the calculation: 1 + 3 + 5 + ... + 19 indeed equals 100, as 10^2 = 100.
- Check if there's an easier or alternative method to derive the same result.

Final Result: [[10]]",0.7810402000322938,10,1,1,1
56,limits,Llama-8B (Lokal),direct,[[4]],2.5789689000230283,4,1,1,1
56,limits,Llama-8B (Lokal),cot,"### ANALYSIS:

* Equation: $\lim_{x \to 2} \frac{x^2 - 4}{x - 2}$
* Goal: Evaluate the limit.

### REASONING:

1. Factor the numerator: $x^2 - 4 = (x + 2)(x - 2)$
2. Substitute the factored form into the original expression:
   $\lim_{x \to 2} \frac{(x + 2)(x - 2)}{x - 2}$

3. Cancel out the $(x-2)$ terms on top and bottom:
   $\lim_{x \to 2} (x + 2) = 4$

4. Evaluate the limit:
   $4$ is the final answer.

### SELF-EVALUATION:

* Calculated a simple limit using factoring and cancellation.
* No sign errors or calculation slips.

Final Result: [[4]]",32.418958199967165,4,1,1,1
56,limits,Llama-70B (Groq),direct,[[4]],0.2157579000340774,4,1,1,1
56,limits,Llama-70B (Groq),cot,"## Step 1: ANALYSIS
- Given function: $\frac{x^2 - 4}{x - 2}$
- Goal: Calculate the limit as $x$ approaches $2$.

## Step 2: REASONING
1. Factor the numerator to simplify the expression: $x^2 - 4 = (x + 2)(x - 2)$.
2. Substitute the factored form into the original expression: $\frac{(x + 2)(x - 2)}{x - 2}$.
3. Cancel out the common factor $(x - 2)$ from the numerator and denominator, yielding $x + 2$.
4. Now, we can directly substitute $x = 2$ into the simplified expression to find the limit: $2 + 2 = 4$.

## Step 3: SELF-EVALUATION
- The simplification and cancellation of terms are valid as long as $x \neq 2$, but since we are calculating a limit as $x$ approaches $2$, this is acceptable.
- The resulting expression after simplification is linear and continuous, so substituting $x = 2$ directly gives the limit value.

The final answer is: [[4]]",0.7874231999740005,4,1,1,1
57,limits,Llama-8B (Lokal),direct,[[3/2]],2.806505399988964,3/2 or 1.5,1,1,1
57,limits,Llama-8B (Lokal),cot,"### ANALYSIS:
- Expression: $\frac{3x^2 + 5x}{2x^2 - 1}$
- Goal: Evaluate the limit as x approaches infinity.

### REASONING:
1. Factor out x from the numerator and denominator: $\frac{x(3x + 5)}{(2x^2) - 1}$.
2. Cancel out any terms that have x in them, if possible: $\frac{3x+5}{2x} = \frac{3\left(\frac{x}{1}\right)+5}{2\left(\frac{x}{1}\right)} = \frac{3+\frac{5}{x}}{2}$.
3. As x approaches infinity, the term $\frac{5}{x}$ becomes arbitrarily small: $\frac{3 + 0}{2} = \boxed{\frac{3}{2}}$.

### SELF-EVALUATION:
- Double-checked the canceling and simplification steps to ensure there are no sign errors.
- Calculations look correct.

Final Result: [[3/2]]",42.57058149995282,3/2 or 1.5,1,1,1
57,limits,Llama-70B (Groq),direct,[[3/2]],0.1740409000194631,3/2 or 1.5,1,1,1
57,limits,Llama-70B (Groq),cot,"## Step 1: ANALYSIS
- Function: $\frac{3x^2 + 5x}{2x^2 - 1}$
- Goal: Calculate the limit as $x$ approaches infinity.

## Step 2: REASONING
1. To find the limit at infinity, we need to examine the behavior of the function as $x$ becomes very large.
2. We can do this by looking at the leading terms in the numerator and denominator, which are $3x^2$ and $2x^2$ respectively.
3. Dividing both the numerator and denominator by $x^2$ (the highest power of $x$ present), we get: $\frac{3 + \frac{5}{x}}{2 - \frac{1}{x^2}}$.
4. As $x$ approaches infinity, $\frac{5}{x}$ and $\frac{1}{x^2}$ both approach 0.
5. Therefore, the limit approaches $\frac{3 + 0}{2 - 0} = \frac{3}{2}$.

## Step 3: SELF-EVALUATION
- The division by $x^2$ is valid because $x^2$ is the highest power of $x$ in the function, allowing us to simplify and evaluate the limit.
- The terms $\frac{5}{x}$ and $\frac{1}{x^2}$ approaching 0 as $x$ approaches infinity is a fundamental property of limits, ensuring our calculation is correct.

The final answer is: [[3/2]]",1.014130000025034,3/2 or 1.5,1,1,1
58,limits,Llama-8B (Lokal),direct,[[4]],2.6873131999745965,4,1,1,1
58,limits,Llama-8B (Lokal),cot,"### ANALYSIS:

* Function: f(x) = $\frac{4x^3 - 2}{x^3 + 1}$
* Goal: Calculate the limit (horizontal asymptote) as x approaches infinity.

### REASONING:

1. Divide both numerator and denominator by $x^3$ to get rid of the variable term:
   f(x) = $\frac{\frac{4x^3 - 2}{x^3}}{\frac{x^3 + 1}{x^3}}$
   = $\frac{4 - \frac{2}{x^3}}{1 + \frac{1}{x^3}}$
2. As x approaches infinity, the term $\frac{2}{x^3}$ and $\frac{1}{x^3}$ approach 0.
3. Therefore, we can simplify the expression to:
   f(x) ≈ $\frac{4 - 0}{1 + 0}$
   = 4

### SELF-EVALUATION:

* The limit is calculated by simplifying the expression as x approaches infinity.
* No sign errors or calculation slips.

Final Result: [[4]]",45.21861680003349,4,1,1,1
58,limits,Llama-70B (Groq),direct,[[4]],0.1643972999881953,4,1,1,1
58,limits,Llama-70B (Groq),cot,"## Step 1: ANALYSIS
- Function: $f(x) = \frac{4x^3 - 2}{x^3 + 1}$
- Goal: Find the limit of $f(x)$ as $x$ approaches infinity, which represents the horizontal asymptote.

## Step 2: REASONING
1. To find the limit of $f(x)$ as $x$ approaches infinity, we need to examine the behavior of the function as $x$ becomes very large.
2. Divide both the numerator and the denominator by the highest power of $x$, which is $x^3$, to simplify the function and evaluate its behavior at infinity.
3. After dividing by $x^3$, the function becomes $f(x) = \frac{4 - \frac{2}{x^3}}{1 + \frac{1}{x^3}}$.
4. As $x$ approaches infinity, the terms $\frac{2}{x^3}$ and $\frac{1}{x^3}$ approach 0.
5. Therefore, the limit of $f(x)$ as $x$ approaches infinity is $\frac{4 - 0}{1 + 0} = 4$.

## Step 3: SELF-EVALUATION
- The simplification process is correct, and the limit evaluation is proper.
- The function's behavior at infinity is dominated by the leading terms in the numerator and the denominator, which are both of the same degree ($x^3$).
- The result makes sense because as $x$ becomes very large, the constant terms become negligible compared to the $x^3$ terms.

The final answer is: [[4]]",0.94951259996742,4,1,1,1
59,limits,Llama-8B (Lokal),direct,[[1]],2.7968551999656484,3/2 or 1.5,0,1,0
59,limits,Llama-8B (Lokal),cot,"### ANALYSIS:

* Equation: lim (x → 3) (x^2 - 9) / (x^2 - 2x - 3)
* Goal: Find the limit as x approaches 3.

### REASONING:

1. Factorize the numerator and denominator:
	* x^2 - 9 = (x + 3)(x - 3)
	* x^2 - 2x - 3 = (x - 1)(x + 3)
2. Rewrite the limit as a quotient of two simpler expressions:
	* lim (x → 3) ((x + 3)(x - 3)) / ((x - 1)(x + 3))
3. Cancel out the common factor (x + 3):
	* lim (x → 3) (x - 3) / (x - 1)
4. Evaluate the limit by plugging in x = 3:
	* lim (x → 3) ((3) - 3) / ((3) - 1)
	* lim (x → 3) 0 / 2
	* lim (x → 3) 0

### SELF-EVALUATION:

The limit appears to be 0, as the numerator approaches 0 and the denominator remains non-zero. There is no sign error or calculation slip.

Final Result: [[0]]",46.28462279995438,3/2 or 1.5,0,1,0
59,limits,Llama-70B (Groq),direct,[[3/5]],0.3079185000387952,3/2 or 1.5,0,1,0
59,limits,Llama-70B (Groq),cot,"## Step 1: ANALYSIS
- Given limit: $\lim_{x \to 3} \frac{x^2 - 9}{x^2 - 2x - 3}$
- Goal: Evaluate the limit as x approaches 3.

## Step 2: REASONING
1. Factor the numerator: $x^2 - 9 = (x + 3)(x - 3)$.
2. Factor the denominator: $x^2 - 2x - 3 = (x - 3)(x + 1)$.
3. Substitute the factored forms back into the limit: $\lim_{x \to 3} \frac{(x + 3)(x - 3)}{(x - 3)(x + 1)}$.
4. Cancel out the common factor $(x - 3)$ from the numerator and denominator: $\lim_{x \to 3} \frac{x + 3}{x + 1}$.
5. Evaluate the limit by substituting $x = 3$ into the simplified expression: $\frac{3 + 3}{3 + 1} = \frac{6}{4} = \frac{3}{2}$.

## Step 3: SELF-EVALUATION
- The cancellation of $(x - 3)$ is valid because the limit as $x$ approaches 3 does not involve $x$ being exactly 3, thus avoiding division by zero.
- The final expression $\frac{x + 3}{x + 1}$ is continuous at $x = 3$, so substituting $x = 3$ directly gives the limit value.

The final answer is: [[3/2]]",0.8546765000210144,3/2 or 1.5,1,1,1
60,limits,Llama-8B (Lokal),direct,[[1]],2.551899800018873,2,0,1,0
60,limits,Llama-8B (Lokal),cot,"### ANALYSIS:

* Equation: $\lim_{x \to 1} \frac{x^2 - 1}{x - 1}$
* Goal: Find the limit.

### REASONING:

1. Factorize the numerator: $x^2 - 1 = (x + 1)(x - 1)$
2. Rewrite the expression: $\lim_{x \to 1} \frac{(x + 1)(x - 1)}{x - 1}$
3. Cancel out $(x-1)$ on top and bottom: $\lim_{x \to 1} x+1 = 1+1 = \boxed{2}$

### SELF-EVALUATION:

The expression is a rational function, and the limit exists because the numerator and denominator approach the same value (0). The calculation looks correct, no sign errors or slips.

Final Result: [[2]]",30.580330899974797,2,1,1,1
60,limits,Llama-70B (Groq),direct,[[2]],0.1884572999551892,2,1,1,1
60,limits,Llama-70B (Groq),cot,"## Step 1: ANALYSIS
- Given function: $\frac{x^2 - 1}{x - 1}$
- Goal: Calculate the limit as $x$ approaches $1$.

## Step 2: REASONING
1. Factor the numerator: $x^2 - 1 = (x + 1)(x - 1)$.
2. Substitute the factored form into the original expression: $\frac{(x + 1)(x - 1)}{x - 1}$.
3. Cancel out the common factor $(x - 1)$: $x + 1$.
4. Evaluate the simplified expression as $x$ approaches $1$: $\lim_{x \to 1} (x + 1) = 1 + 1 = 2$.

## Step 3: SELF-EVALUATION
The cancellation of $(x - 1)$ is valid because $x$ approaches $1$ but is not exactly $1$, avoiding division by zero. The limit of a linear function as $x$ approaches a certain value is simply the value of the function at that point, confirming our calculation.

The final answer is: [[2]]",0.7777730000088923,2,1,1,1
61,optimization,Llama-8B (Lokal),direct,[[5]],2.1749264000100084,5,1,1,1
61,optimization,Llama-8B (Lokal),cot,"### ANALYSIS:
- Function: f(x) = x(10-x)
- Goal: Find the maximum value of f(x)

### REASONING:
1. Find the derivative of f(x): f'(x) = (10-x) - x
2. Set the derivative equal to 0 and solve for x: 0 = 10-2x => x = 5
3. Check if x = 5 is a maximum, minimum, or critical point:
   * Evaluate f'(5): f'(5) = (10-5) - 5 = 0 => x = 5 is a critical point
   * To determine if it's a maximum, minimum, or both, we need to find the second derivative: f''(x) = -2
4. Since f''(x) < 0 for all x, x = 5 is a local maximum and the global maximum as well.

### SELF-EVALUATION:
Verified that x = 5 is indeed a critical point by checking the first and second derivatives.

Final Result: [[5]]",38.553399899974465,5,1,1,1
61,optimization,Llama-70B (Groq),direct,[[5]],0.1971400000038556,5,1,1,1
61,optimization,Llama-70B (Groq),cot,"## Step 1: ANALYSIS
- Function: $f(x) = x(10-x)$
- Goal: Find the positive value of $x$ for which $f(x)$ takes its maximum value.

## Step 2: REASONING
1. To find the maximum value of $f(x)$, we need to find the critical points by taking the derivative of $f(x)$ with respect to $x$ and setting it equal to zero.
2. The derivative $f'(x)$ is given by $f'(x) = (10-x) + x(-1) = 10 - 2x$ using the product rule.
3. Setting $f'(x) = 0$, we get $10 - 2x = 0$, which simplifies to $2x = 10$ and hence $x = 5$.
4. Since the function $f(x)$ is a quadratic function with a negative coefficient for $x^2$ (when expanded, $f(x) = 10x - x^2$), it opens downwards, meaning that the critical point $x = 5$ corresponds to a maximum.
5. We also need to verify that this maximum occurs at a positive value of $x$, which it does since $x = 5$ is positive.

## Step 3: SELF-EVALUATION
- The second derivative $f''(x) = -2$, which is negative for all $x$, confirming that $x = 5$ corresponds to a maximum.
- The calculation of the critical point seems correct, and the nature of the quadratic function confirms that $x = 5$ gives the maximum value.

The final answer is: [[5]]",1.167925000016112,5,1,1,1
62,optimization,Llama-8B (Lokal),direct,"[[5, 5]]",2.93056519998936,10,0,1,0
62,optimization,Llama-8B (Lokal),cot,"### ANALYSIS:

* Equation: x + y = 10
* Goal: Find the sum of two numbers with the largest product.

### REASONING:

1. Since we want to maximize the product, we can consider the difference between x and y.
2. Let's assume x > y (if not, just swap their values). Then, x - y = 5.
3. Now, let's add our two equations: x + y = 10 and x - y = 5. This gives us 2x = 15.
4. Solving for x, we get x = 7.5 (since it's not possible to have a whole number difference between x and y).
5. Now that we have x, we can find y: y = 10 - x = 10 - 7.5 = 2.5.

### SELF-EVALUATION:

* The product of the two numbers is xy = (7.5)(2.5) = 18.75.
* This product is indeed larger than any other possible product for these given conditions.

Final Result: [[18.75]]",41.92180690000532,10,0,1,0
62,optimization,Llama-70B (Groq),direct,[[10]],0.1977940999786369,10,1,1,1
62,optimization,Llama-70B (Groq),cot,"ANALYSIS: 
- Given information: The sum of two numbers, x and y, is 10 (x + y = 10).
- The product of x and y should be the largest possible (maximize xy).
- Goal: Find the values of x and y that satisfy these conditions and calculate their sum.

REASONING:
1. Express y in terms of x using the equation x + y = 10, which gives y = 10 - x.
2. Substitute y = 10 - x into the product xy to get a function of x: xy = x(10 - x) = 10x - x^2.
3. To maximize the product xy, we need to find the maximum value of the quadratic function f(x) = 10x - x^2.
4. The maximum value of a quadratic function ax^2 + bx + c occurs at x = -b/(2a). For f(x) = -x^2 + 10x, a = -1 and b = 10.
5. Calculate x for the maximum: x = -10 / (2 * -1) = 5.
6. Since x + y = 10, when x = 5, y = 10 - 5 = 5.
7. The sum of x and y is 5 + 5 = 10, which is given and confirms our calculation is consistent with the initial condition.

SELF-EVALUATION: The function f(x) = 10x - x^2 is a downward-facing parabola (since a = -1 < 0), meaning it has a maximum. The vertex of this parabola, where the maximum occurs, is at x = 5, and thus y = 5, confirming that the sum of these two numbers is indeed 10, as initially stated.

[[10]]",1.0432707000290975,10,1,1,1
63,optimization,Llama-8B (Lokal),direct,[[2]],2.4697751999483444,2,1,1,1
63,optimization,Llama-8B (Lokal),cot,"### ANALYSIS:
- Function: f(x) = x^2 - 4x + 5
- Goal: Find the argument where the function reaches its minimum value.

### REASONING:

1. The quadratic function can be rewritten in vertex form as f(x) = (x - b)^2 + c.
2. To find the minimum, we need to complete the square:
f(x) = x^2 - 4x + 5
= (x^2 - 4x + 4) + 1
= (x - 2)^2 + 1

3. The vertex of this quadratic function is at x - b, where b is the coefficient of the linear term. In this case, b = 2.
4. Therefore, the minimum value is reached when x = 2.

### SELF-EVALUATION:
The discriminant for the original quadratic equation is (-4)^2 - 4*1*5 = 16 - 20 = -4 < 0, indicating a single minimum. This agrees with our result that the vertex is at x = 2.

Final Result: [[2]]",38.54539460001979,2,1,1,1
63,optimization,Llama-70B (Groq),direct,[[x = 2]],0.1459613000042736,2,0,1,0
63,optimization,Llama-70B (Groq),cot,"## Step 1: ANALYSIS
- Given function: $f(x) = x^2 - 4x + 5$
- Goal: Find the argument $x$ for which $f(x)$ reaches its minimum value.

## Step 2: REASONING
1. The minimum value of a quadratic function $f(x) = ax^2 + bx + c$ occurs at $x = -\frac{b}{2a}$.
2. For the given function $f(x) = x^2 - 4x + 5$, we have $a = 1$ and $b = -4$.
3. Substituting $a$ and $b$ into the formula gives $x = -\frac{-4}{2*1} = \frac{4}{2} = 2$.
4. Therefore, the function $f(x)$ reaches its minimum value at $x = 2$.

## Step 3: SELF-EVALUATION
- The formula used is correct for finding the minimum of a quadratic function.
- The calculation $x = -\frac{-4}{2*1} = 2$ is correct.
- This confirms that the minimum value of the function occurs at $x = 2$.

The final answer is: [[2]]",0.7166833000374027,2,1,1,1
64,optimization,Llama-8B (Lokal),direct,[[100]],2.6768273999914527,25,0,1,0
64,optimization,Llama-8B (Lokal),cot,"### ANALYSIS:
- Equation: Not provided
- Goal: Find the maximum area of the rectangle.

### REASONING:

1. The perimeter of a rectangle is given by P = 2l + 2w, where l and w are the length and width respectively.
2. Given that the perimeter is 20, we can set up an equation: 2l + 2w = 20.
3. Rearrange the equation to get: l + w = 10.
4. The area of a rectangle is given by A = lw.
5. To maximize the area, we need to find the values of l and w that make A as large as possible while satisfying the perimeter constraint.
6. We can set up an inequality: l + w <= 10 (since the maximum value for l or w is 10/2 = 5).
7. To maximize the area, we want the product lw to be as large as possible while keeping the sum l+w fixed.
8. This occurs when l and w are equal, which means they are both 5.

### SELF-EVALUATION:
- The values of l and w satisfy the perimeter constraint: 2*5 + 2*5 = 20.
- The area is maximized when l=w=5: A = (5)(5) = 25.

Final Result: [[25]]",49.74304169998504,25,1,1,1
64,optimization,Llama-70B (Groq),direct,[[25]],0.1712107000057585,25,1,1,1
64,optimization,Llama-70B (Groq),cot,"ANALYSIS:
- Perimeter of the rectangle = 20
- Goal: Find the maximum area of the rectangle.

REASONING:
1. Let's denote the length of the rectangle as 'L' and the width as 'W'. The perimeter (P) of a rectangle is given by P = 2L + 2W. We are given P = 20, so 2L + 2W = 20.
2. Simplify the equation to get L + W = 10.
3. The area (A) of a rectangle is given by A = L * W.
4. To maximize the area, we need to express A in terms of one variable. From step 2, we can express W as W = 10 - L.
5. Substitute W = 10 - L into the area equation: A = L * (10 - L) = 10L - L^2.
6. To find the maximum of A, we can complete the square or differentiate A with respect to L, set it to zero, and solve for L. Differentiating A with respect to L gives dA/dL = 10 - 2L.
7. Setting dA/dL = 0, we get 10 - 2L = 0, which simplifies to L = 5.
8. Since L = 5, then W = 10 - L = 10 - 5 = 5. This means the rectangle is a square (L = W), which intuitively makes sense for maximizing the area given a fixed perimeter.
9. The maximum area A = L * W = 5 * 5 = 25.

SELF-EVALUATION: The logic of maximizing area given a fixed perimeter leads to the conclusion that the shape must be a square, as this configuration allows for the most efficient use of the perimeter to enclose area. The calculation of L = 5 (and thus W = 5) is consistent with this principle.

[[25]]",1.1925654000369832,25,1,1,1
65,optimization,Llama-8B (Lokal),direct,[[2]],2.4726496000075713,1,0,1,0
65,optimization,Llama-8B (Lokal),cot,"### ANALYSIS:

* Function: f(x) = -x^2 + 2x
* Goal: Find the maximum value.

### REASONING:

1. To find the maximum, we first need to find the critical points by taking the derivative of f(x).
f'(x) = -2x + 2
Set f'(x) = 0 to find the critical points.
-2x + 2 = 0 --> x = 1

2. Now that we have the critical point, plug it back into the original function to find the maximum value.
f(1) = -(1)^2 + 2*1
= -1 + 2
= 1

### SELF-EVALUATION:

* The second derivative of f(x), f''(x) = -2, is negative for all x. This indicates that the function has a maximum at x = 1.

Final Result: [[1]]",32.67371189995902,1,1,1,1
65,optimization,Llama-70B (Groq),direct,[[1]],0.2023259000270627,1,1,1,1
65,optimization,Llama-70B (Groq),cot,"## Step 1: ANALYSIS
- Function: $f(x) = -x^2 + 2x$
- Goal: Find the maximum value of $f(x)$.

## Step 2: REASONING
1. To find the maximum value of a quadratic function $f(x) = ax^2 + bx + c$, we can use the formula for the x-coordinate of the vertex, $x = -\frac{b}{2a}$.
2. For the given function $f(x) = -x^2 + 2x$, $a = -1$ and $b = 2$.
3. Substituting $a$ and $b$ into the formula gives $x = -\frac{2}{2(-1)} = -\frac{2}{-2} = 1$.
4. To find the maximum value of $f(x)$, we substitute $x = 1$ into the function: $f(1) = -(1)^2 + 2(1) = -1 + 2 = 1$.
5. Since the coefficient of $x^2$ is negative, the parabola opens downwards, confirming that this point is a maximum.

## Step 3: SELF-EVALUATION
- The calculation of $x = 1$ as the x-coordinate of the vertex is correct based on the formula.
- The substitution of $x = 1$ into $f(x)$ to find the maximum value yields $f(1) = 1$, which is plausible given the shape of the parabola.
- The function $f(x) = -x^2 + 2x$ indeed has a maximum because $a = -1 < 0$, indicating a downward-opening parabola.

The final answer is: [[1]]",0.9563938000355848,1,1,1,1
66,polynomials,Llama-8B (Lokal),direct,[[1]],2.4728101999498904,2,0,1,0
66,polynomials,Llama-8B (Lokal),cot,"### ANALYSIS:

- Equation: W(x) = x^3 - 4x
- Goal: Find the positive root.

### REASONING:

1. First, factor the polynomial:
W(x) = x^3 - 4x = x(x^2 - 4)
= x(x + 2i)(x - 2i)

where i is the imaginary unit (i = √(-1)).

2. Since we are looking for a positive root, we can set the imaginary parts equal to zero:
x + 2i = 0
x - 2i = 0

3. Solving for x in each equation:

x + 2i = 0 --> x = -2i (imaginary)
x - 2i = 0 --> x = 2i (imaginary)

4. However, the problem asks for a positive root, so we should look at the real part of the polynomial:
x^3 - 4x = 0

5. Factor out x from the first two terms:
x(x^2 - 4) = 0
x(x + 2)(x - 2) = 0

6. Set each factor equal to zero and solve for x:

x = 0 (real)
x + 2 = 0 --> x = -2 (real)
x - 2 = 0 --> x = 2 (real)

7. The positive root is x = 2.

### SELF-EVALUATION:

Verify the result by plugging x = 2 into the original polynomial:
W(2) = (2)^3 - 4*2
= 8 - 8
= 0

The result is correct, so [[2]] is the final answer.",57.803439799987245,2,1,1,1
66,polynomials,Llama-70B (Groq),direct,[[2]],0.2427085000090301,2,1,1,1
66,polynomials,Llama-70B (Groq),cot,"ANALYSIS:
- Given polynomial: $W(x) = x^3 - 4x$
- Goal: Find the positive root of $W(x)$.

REASONING:
1. To find the roots, we set $W(x) = 0$, which gives us $x^3 - 4x = 0$.
2. Factoring out $x$, we get $x(x^2 - 4) = 0$.
3. This equation has solutions when either $x = 0$ or $x^2 - 4 = 0$.
4. Solving $x^2 - 4 = 0$, we find $x^2 = 4$, which gives us $x = \pm2$.
5. Since we are looking for the positive root, we discard $x = 0$ and $x = -2$, leaving us with $x = 2$ as the positive root.

SELF-EVALUATION: 
We have considered all possible solutions and correctly identified the positive root among them. The steps logically follow from the equation given and the properties of polynomial roots.

[[2]]",0.6571195000433363,2,1,1,1
67,polynomials,Llama-8B (Lokal),direct,[[7]],2.62984630005667,15,0,1,0
67,polynomials,Llama-8B (Lokal),cot,"### ANALYSIS:
- Polynomial: W(x) = 2x^3 - x + 1
- Value: W(2)
- Goal: Calculate the value of W at x = 2.

### REASONING:
1. Substitute x = 2 into the polynomial expression.
W(2) = 2*(2)^3 - (2) + 1
= 2*8 - 2 + 1
= 16 - 2 + 1
= 15

### SELF-EVALUATION:
The calculation seems correct, and there are no sign errors or calculation slips.

Final Result: [[15]]",23.52117929997621,15,1,1,1
67,polynomials,Llama-70B (Groq),direct,[[15]],0.1708174000377766,15,1,1,1
67,polynomials,Llama-70B (Groq),cot,"## Step 1: ANALYSIS
- Given polynomial: $W(x) = 2x^3 - x + 1$
- Given value of $x$: $x = 2$
- Goal: Calculate $W(2)$

## Step 2: REASONING
1. Substitute $x = 2$ into the polynomial $W(x)$.
2. Calculate $W(2) = 2(2)^3 - 2 + 1$.
3. Simplify the expression: $W(2) = 2(8) - 2 + 1$.
4. Continue simplifying: $W(2) = 16 - 2 + 1$.
5. Final calculation: $W(2) = 15$.

## Step 3: SELF-EVALUATION
- Verify the calculation steps for any errors.
- Check if the substitution and simplification were done correctly.
- Confirm that the final result is reasonable based on the calculations.

The final answer is: [[15]]",0.7257906000013463,15,1,1,1
68,polynomials,Llama-8B (Lokal),direct,[[1 + 2 + 3]],3.3675066999858245,6,1,1,1
68,polynomials,Llama-8B (Lokal),cot,"### ANALYSIS:
- Polynomial: W(x) = (x-1)(x-2)(x-3)
- Goal: Find the sum of its roots.

### REASONING:

1. The polynomial is a product of three binomials, each with real coefficients.
2. By the Fundamental Theorem of Algebra, a polynomial with real coefficients has only real or complex roots, and at least one root is always real.
3. Since W(x) is a product of three linear factors, all its roots are distinct real numbers (by the Factor Theorem).
4. The sum of the roots of W(x) can be calculated using Vieta's Formulas:
   - The sum of the roots is equal to the negative reciprocal of the leading coefficient.
5. The leading coefficient of W(x) is 1, so the sum of its roots is -(-1) = 1.

### SELF-EVALUATION:

No sign errors or calculation slips are detected.

### Final Result:
[[1]]",33.80666130001191,6,0,1,0
68,polynomials,Llama-70B (Groq),direct,[[6]],0.1608504999894648,6,1,1,1
68,polynomials,Llama-70B (Groq),cot,"ANALYSIS:
- Given polynomial: $W(x) = (x-1)(x-2)(x-3)$
- Goal: Find the sum of its roots.

REASONING:
1. The roots of the polynomial can be found by setting $W(x) = 0$.
2. Setting $W(x) = 0$, we get $(x-1)(x-2)(x-3) = 0$.
3. This gives us the roots $x = 1, 2, 3$.
4. The sum of the roots is $1 + 2 + 3 = 6$.
5. Alternatively, according to Vieta's formulas, for a polynomial of the form $ax^3 + bx^2 + cx + d = 0$, the sum of the roots is $-b/a$.
6. Expanding $W(x)$, we get $W(x) = x^3 - 6x^2 + 11x - 6$.
7. Comparing with the general form, $a = 1$ and $b = -6$, so the sum of the roots is $-(-6)/1 = 6$.

SELF-EVALUATION: The calculation of the sum of roots directly from the roots and through Vieta's formulas yields the same result, confirming the correctness of the approach.

[[6]]",0.7902415999560617,6,1,1,1
69,polynomials,Llama-8B (Lokal),direct,[[x^2 + x + 1]],3.3294833000400104,2,0,1,0
69,polynomials,Llama-8B (Lokal),cot,"### ANALYSIS:
- Polynomial: W(x) = x^3 + 1
- Binomial: (x - 1)
- Goal: Calculate the remainder of the division.

### REASONING:
1. By polynomial long division, we can write:

W(x) = Q(x)(x - 1) + R(x)

where Q(x) is the quotient and R(x) is the remainder.
2. The first step is to divide W(1) by (1 - 1):
W(1) = 1^3 + 1 = 2
R(1) = 0, since we're dividing by (x - 1)
3. Now, substitute x - 1 into the polynomial:
W(x - 1) = (x - 1)^3 + 1
4. Use the binomial theorem to expand:
(x - 1)^3 = x^3 - 3x^2 + 3x - 1

So:

W(x - 1) = [(x - 1)^3] + 1
= (x^3 - 3x^2 + 3x - 1) + 1
= x^3 - 3x^2 + 3x

5. Compare the expressions:
x^3 - 3x^2 + 3x = R(x)
6. Therefore, the remainder is:

R(x) = x^3 - 3x^2 + 3x

### SELF-EVALUATION: 
The calculation looks correct, and we've correctly used polynomial long division to find the remainder.

Final Result: [[x^3 - 3x^2 + 3x]]",56.30947969999397,2,0,1,0
69,polynomials,Llama-70B (Groq),direct,[[2]],0.1969637000001967,2,1,1,1
69,polynomials,Llama-70B (Groq),cot,"## Step 1: ANALYSIS
- Polynomial: $W(x) = x^3 + 1$
- Divisor: $(x - 1)$
- Goal: Find the remainder of the division of $W(x)$ by $(x - 1)$.

## Step 2: REASONING
1. To find the remainder of the division of a polynomial $W(x)$ by a binomial of the form $(x - a)$, we can use the Remainder Theorem.
2. The Remainder Theorem states that the remainder of the division of $W(x)$ by $(x - a)$ is $W(a)$.
3. In this case, $a = 1$ because our divisor is $(x - 1)$.
4. We substitute $x = 1$ into the polynomial $W(x) = x^3 + 1$ to find the remainder.
5. Calculation: $W(1) = (1)^3 + 1 = 1 + 1 = 2$.

## Step 3: SELF-EVALUATION
- The calculation is straightforward and does not involve complex steps that could lead to sign errors or calculation slips.
- The Remainder Theorem is a standard and reliable method for finding the remainder in such cases.

The final answer is: [[2]]",0.8156495000002906,2,1,1,1
70,polynomials,Llama-8B (Lokal),direct,[[6]],2.48470129998168,6,1,1,1
70,polynomials,Llama-8B (Lokal),cot,"### ANALYSIS:
- Equation: W(x) = x^2 - 5x + 6
- Goal: Find the constant term of the polynomial.

### REASONING:
1. The general form of a quadratic polynomial is ax^2 + bx + c.
2. In this case, a = 1, b = -5, and we need to find c.
3. The constant term is the coefficient of the term that does not involve x.

### SELF-EVALUATION:
- There are no terms without x in the given polynomial.
- Therefore, there is no constant term.

Final Result: [[0]]",22.531755699950736,6,0,1,0
70,polynomials,Llama-70B (Groq),direct,[[6]],0.1577557999989949,6,1,1,1
70,polynomials,Llama-70B (Groq),cot,"## Step 1: ANALYSIS
- Given polynomial: $W(x) = x^2 - 5x + 6$
- Goal: Find the constant term of the polynomial.

## Step 2: REASONING
1. The constant term of a polynomial is the term that does not contain the variable (in this case, $x$).
2. Looking at the given polynomial $W(x) = x^2 - 5x + 6$, we identify the term without $x$ as $6$.
3. Therefore, the constant term of the polynomial $W(x)$ is $6$.

## Step 3: SELF-EVALUATION
- The identification of the constant term is straightforward and does not require further calculation.
- The constant term is indeed the term that does not change with the value of $x$, which in this polynomial is $6$.

The final answer is: [[6]]",0.6771804000018165,6,1,1,1
71,differentiation,Llama-8B (Lokal),direct,[[-1/5]],3.2242020000121556,-3/4 or -0.75,0,1,0
71,differentiation,Llama-8B (Lokal),cot,"### ANALYSIS:

* Equation: x^2 + y^2 = 25
* Goal: Find the derivative $\frac{dy}{dx}$ at the point $(3, 4)$ using implicit differentiation.

### REASONING:

1. Let's start by implicitly differentiating both sides of the equation with respect to $x$: 
$2x + 2y \cdot \frac{dy}{dx} = 0$

2. Next, we want to find the value of $\frac{dy}{dx}$ at the point $(3,4)$. We can substitute these values into the derivative expression: 
$6 + 8\frac{dy}{dx} = 0$

3. Now, solve for $\frac{dy}{dx}$: 
$\frac{dy}{dx} = \frac{-6}{8} = -\frac{3}{4}$

### SELF-EVALUATION:

* The derivative expression should have the correct units (1/x).
* All calculations should be accurate.
* No sign errors or calculation slips.

Final Result: [[-3/4]]",37.29265860002488,-3/4 or -0.75,1,1,1
71,differentiation,Llama-70B (Groq),direct,"## Step 1: Differentiate both sides of the equation with respect to x.
Using implicit differentiation, we differentiate both sides of the equation $x^2 + y^2 = 25$ with respect to $x$, which gives $2x + 2y\frac{dy}{dx} = 0$.

## Step 2: Solve for $\frac{dy}{dx}$.
Rearranging the equation from step 1 to solve for $\frac{dy}{dx}$, we get $\frac{dy}{dx} = -\frac{x}{y}$.

## Step 3: Substitute the given point $(3, 4)$ into the equation for $\frac{dy}{dx}$.
Substituting $x = 3$ and $y = 4$ into the equation $\frac{dy}{dx} = -\frac{x}{y}$ gives $\frac{dy}{dx} = -\frac{3}{4}$.

The final answer is: [[-$\frac{3}{4}$]]",0.6306280000135303,-3/4 or -0.75,0,1,0
71,differentiation,Llama-70B (Groq),cot,"## Step 1: ANALYSIS
- Equation of the circle: $x^2 + y^2 = 25$
- Goal: Find the derivative $\frac{dy}{dx}$ at the point $(3, 4)$ using implicit differentiation.

## Step 2: REASONING
1. **Implicit Differentiation**: Differentiate both sides of the equation $x^2 + y^2 = 25$ with respect to $x$. This will involve using the chain rule for $y^2$ since $y$ is a function of $x$.
2. **Apply Differentiation Rules**: The derivative of $x^2$ with respect to $x$ is $2x$. For $y^2$, we apply the chain rule, which gives us $2y \cdot \frac{dy}{dx}$.
3. **Set Up the Derivative Equation**: After differentiating, we get $2x + 2y \cdot \frac{dy}{dx} = 0$.
4. **Solve for $\frac{dy}{dx}$**: Rearrange the equation to solve for $\frac{dy}{dx}$. Subtract $2x$ from both sides to get $2y \cdot \frac{dy}{dx} = -2x$. Then, divide both sides by $2y$ to isolate $\frac{dy}{dx}$, resulting in $\frac{dy}{dx} = -\frac{2x}{2y} = -\frac{x}{y}$.
5. **Evaluate at the Given Point**: Substitute $x = 3$ and $y = 4$ into the derivative to find the value of $\frac{dy}{dx}$ at the point $(3, 4)$. Thus, $\frac{dy}{dx} = -\frac{3}{4}$.

## Step 3: SELF-EVALUATION
- The calculation of the derivative using implicit differentiation seems correct.
- The derivative $\frac{dy}{dx} = -\frac{x}{y}$ is a reasonable form for a circle, as it reflects the slope of the tangent line at any point on the circle.
- Substituting $(3, 4)$ into the derivative gives a specific slope, which is consistent with the geometry of the circle.

The final answer is: [[-$\frac{3}{4}$]]",1.2856597999925723,-3/4 or -0.75,0,1,0
72,differentiation,Llama-8B (Lokal),direct,[[1/x]]],2.5666233000229113,-1,0,1,0
72,differentiation,Llama-8B (Lokal),cot,"### ANALYSIS:
- Equation: xy = 4
- Goal: Find the derivative $\frac{dy}{dx}$ at the point (2, 2)

### REASONING:

1. Convert the given equation into the form y(x) = ... : Let's rearrange the equation to isolate y. We have:
xy = 4 --> y = 4/x

2. Find the derivative using the chain rule: To find the derivative of y with respect to x, we'll use the chain rule. First, we'll differentiate the right-hand side with respect to x:
dy/dx = d(4/x)/dx
= (-1/x^2) * d(x)/dx (by the chain rule)

3. Evaluate the derivative at the point (2, 2): Now that we have the derivative, let's evaluate it at the given point (2, 2). We substitute x = 2:
dy/dx = (-1/(2)^2) * d(2)/dx
= -1/4

### SELF-EVALUATION:

To verify our result, let's check if our calculation looks reasonable. A negative derivative makes sense, since as we move to the right on the x-axis (i.e., increase x), y decreases. Our calculated value of -1/4 also seems reasonable.

Final Result: [[-1/4]]",44.64476900000591,-1,0,1,0
72,differentiation,Llama-70B (Groq),direct,[[-1]],0.2531547000398859,-1,1,1,1
72,differentiation,Llama-70B (Groq),cot,"## Step 1: ANALYSIS
- Equation of the curve: $xy = 4$
- Goal: Find the derivative $\frac{dy}{dx}$ at the point $(2, 2)$.

## Step 2: REASONING
1. **Implicit Differentiation**: We'll use implicit differentiation to find $\frac{dy}{dx}$ because the equation is not explicitly solved for $y$.
2. **Differentiate Both Sides**: Differentiate both sides of the equation $xy = 4$ with respect to $x$.
\[ \frac{d}{dx}(xy) = \frac{d}{dx}(4) \]
3. **Apply Product Rule**: The product rule states that if $u$ and $v$ are functions of $x$, then $\frac{d}{dx}(uv) = u\frac{dv}{dx} + v\frac{du}{dx}$. Applying this to our equation gives:
\[ x\frac{dy}{dx} + y\frac{dx}{dx} = 0 \]
Since $\frac{dx}{dx} = 1$, we have:
\[ x\frac{dy}{dx} + y = 0 \]
4. **Solve for $\frac{dy}{dx}$**: Rearrange the equation to solve for $\frac{dy}{dx}$.
\[ x\frac{dy}{dx} = -y \]
\[ \frac{dy}{dx} = -\frac{y}{x} \]
5. **Evaluate at $(2, 2)$**: Substitute $x = 2$ and $y = 2$ into the derivative to find the value at the point $(2, 2)$.
\[ \frac{dy}{dx} = -\frac{2}{2} = -1 \]

## Step 3: SELF-EVALUATION
- The calculation seems correct as we properly applied implicit differentiation and the product rule.
- The derivative $\frac{dy}{dx}$ at any point $(x, y)$ on the curve $xy = 4$ is $-\frac{y}{x}$, which simplifies to $-1$ when $x = y = 2$.

The final answer is: [[-1]]",1.0900986000197008,-1,1,1,1
73,differentiation,Llama-8B (Lokal),direct,[[0]],2.490533599979244,-1,0,1,0
73,differentiation,Llama-8B (Lokal),cot,"### ANALYSIS:
- Equation: x + y = 10
- Goal: Calculate the derivative $\frac{dy}{dx}$ of the implicit function.

### REASONING:
1. Since we are dealing with an implicit function, we need to express one variable in terms of another.
2. In this case, we can express y as a function of x by isolating y on one side: y = 10 - x
3. Now that we have the explicit function y(x), we can find its derivative using the power rule for differentiation:
$\frac{dy}{dx} = \frac{d(10-x)}{dx} = -1$
4. The derivative is constant throughout the entire domain of the function, since it's a linear function.

### SELF-EVALUATION:
- We have correctly expressed y as a function of x.
- We applied the power rule for differentiation correctly.
- The answer makes sense in the context of the problem, since the implicit function is linear.

Final Result: [[-1]]",34.51988739997614,-1,1,1,1
73,differentiation,Llama-70B (Groq),direct,[[ -1 ]],0.2609116999665275,-1,1,1,1
73,differentiation,Llama-70B (Groq),cot,"## Step 1: ANALYSIS
- Given equation: $x + y = 10$
- Goal: Find the derivative $\frac{dy}{dx}$ of the implicit function.

## Step 2: REASONING
1. Differentiate both sides of the equation with respect to $x$.
2. Applying the differentiation rules: $\frac{d}{dx}(x) = 1$ and $\frac{d}{dx}(y) = \frac{dy}{dx}$ because $y$ is a function of $x$.
3. The derivative of a constant is $0$, so $\frac{d}{dx}(10) = 0$.
4. Therefore, $1 + \frac{dy}{dx} = 0$.
5. Solve for $\frac{dy}{dx}$: $\frac{dy}{dx} = -1$.

## Step 3: SELF-EVALUATION
The calculation is straightforward and does not involve any complex steps that could lead to sign errors or calculation slips. The derivative $\frac{dy}{dx}$ represents the rate of change of $y$ with respect to $x$, and in this case, it's constant, indicating a linear relationship.

The final answer is: [[-1]]",0.8388945999904536,-1,1,1,1
74,differentiation,Llama-8B (Lokal),direct,[[4/y]],2.6142288999981247,1,0,1,0
74,differentiation,Llama-8B (Lokal),cot,"### ANALYSIS:
- Equation: y^2 = 4x
- Goal: Find the derivative dy/dx at the point (1, 2).

### REASONING:
1. Implicitly differentiate both sides with respect to x:
d(y^2)/dx = d(4x)/dx
2. Apply the chain rule for the left-hand side:
2y(dy/dx) = 4
3. Plug in the point (1, 2):
2(2)(dy/dx) = 4
4. Solve for dy/dx:
dy/dx = 1

### SELF-EVALUATION: 
- Double-check that we didn't forget any sign changes or constant factors.
- Verify that our calculation is correct.

Final Result: [[1]]",27.529352399986237,1,1,1,1
74,differentiation,Llama-70B (Groq),direct,[[1]],0.232174800010398,1,1,1,1
74,differentiation,Llama-70B (Groq),cot,"## Step 1: ANALYSIS
- Equation of the curve: $y^2 = 4x$
- Goal: Find the derivative $\frac{dy}{dx}$ at the point $(1, 2)$.

## Step 2: REASONING
1. **Differentiate both sides of the equation with respect to $x$**: We'll use implicit differentiation since $y$ is a function of $x$. This gives us $\frac{d}{dx}(y^2) = \frac{d}{dx}(4x)$.
2. **Apply the chain rule to the left side**: The derivative of $y^2$ with respect to $x$ is $2y \cdot \frac{dy}{dx}$, because $y$ is a function of $x$. The derivative of $4x$ with respect to $x$ is $4$. So, we have $2y \cdot \frac{dy}{dx} = 4$.
3. **Solve for $\frac{dy}{dx}$**: Divide both sides by $2y$ to isolate $\frac{dy}{dx}$. This yields $\frac{dy}{dx} = \frac{4}{2y} = \frac{2}{y}$.
4. **Evaluate the derivative at the point $(1, 2)$**: Substitute $y = 2$ into the derivative to find the slope at the point $(1, 2)$. Thus, $\frac{dy}{dx} = \frac{2}{2} = 1$.

## Step 3: SELF-EVALUATION
- The calculation seems correct as we properly applied implicit differentiation and solved for $\frac{dy}{dx}$.
- The derivative $\frac{dy}{dx} = \frac{2}{y}$ makes sense because it describes how $y$ changes with respect to $x$ for any point on the curve.
- At $(1, 2)$, $y = 2$, so $\frac{dy}{dx} = 1$ is a reasonable result given the curve's shape.

The final answer is: [[1]]",1.1369057000265457,1,1,1,1
75,differentiation,Llama-8B (Lokal),direct,[[24]],2.6439823000109755,12,0,1,0
75,differentiation,Llama-8B (Lokal),cot,"### ANALYSIS:
- Function: f(x) = x^3
- Point: x = 2
- Goal: Calculate the second-order derivative f''(x) at the given point.

### REASONING:

1. Find the first-order derivative f'(x):
f'(x) = d/dx (x^3) = 3x^2

2. Find the second-order derivative f''(x):
f''(x) = d/dx (3x^2) = 6x

3. Evaluate f''(x) at x = 2:
f''(2) = 6(2) = 12

### SELF-EVALUATION:
The calculation seems correct, and there are no sign errors or calculation slips.

Final Result: [[12]]",27.880870199995115,12,1,1,1
75,differentiation,Llama-70B (Groq),direct,[[6]],0.232972800033167,12,0,1,0
75,differentiation,Llama-70B (Groq),cot,"## Step 1: ANALYSIS
- Function: $f(x) = x^3$
- Goal: Find the second-order derivative $f''(x)$ and evaluate it at $x = 2$.

## Step 2: REASONING
1. First, we need to find the first derivative of $f(x)$, denoted as $f'(x)$. Using the power rule of differentiation, which states that if $f(x) = x^n$, then $f'(x) = nx^{n-1}$, we can differentiate $f(x) = x^3$ to get $f'(x) = 3x^{3-1} = 3x^2$.
2. Next, we differentiate $f'(x)$ to find the second derivative $f''(x)$. Applying the power rule again to $f'(x) = 3x^2$, we get $f''(x) = 3 \cdot 2x^{2-1} = 6x$.
3. Now, we evaluate $f''(x)$ at $x = 2$ to find the value of the second-order derivative at this specific point. Substituting $x = 2$ into $f''(x) = 6x$ gives $f''(2) = 6 \cdot 2 = 12$.

## Step 3: SELF-EVALUATION
To verify our result, let's ensure that we correctly applied the power rule for differentiation twice. The first derivative of $x^3$ is indeed $3x^2$, and the derivative of $3x^2$ is $6x$. Thus, our calculation of $f''(x)$ and its evaluation at $x = 2$ seem correct.

The final answer is: [[12]]",1.0063122000428848,12,1,1,1
